"id_estudiante_periodo_lectivo";"id_estudiante";"id_periodo_lectivo";"id_paralelo";"es_estado";"es_retirado";"nro_matricula"
"1";"3";"1";"16";"N";"N";"1"
"2";"4";"1";"16";"N";"N";"2"
"3";"5";"1";"16";"N";"N";"3"
"4";"457";"1";"5";"N";"N";"4"
"5";"7";"1";"16";"N";"N";"5"
"6";"8";"1";"16";"N";"N";"6"
"7";"9";"1";"16";"N";"N";"7"
"8";"10";"1";"16";"N";"N";"8"
"9";"11";"1";"16";"N";"N";"9"
"10";"12";"1";"16";"N";"N";"10"
"11";"13";"1";"16";"N";"N";"11"
"12";"14";"1";"16";"N";"N";"12"
"13";"15";"1";"16";"N";"N";"13"
"14";"16";"1";"16";"N";"N";"14"
"15";"17";"1";"16";"N";"N";"15"
"16";"18";"1";"16";"N";"N";"16"
"17";"19";"1";"16";"N";"N";"17"
"18";"20";"1";"16";"N";"N";"18"
"19";"21";"1";"16";"N";"N";"19"
"20";"22";"1";"16";"N";"N";"20"
"21";"23";"1";"16";"N";"N";"21"
"22";"24";"1";"16";"N";"N";"22"
"23";"25";"1";"10";"N";"S";"23"
"24";"26";"1";"10";"N";"N";"24"
"25";"27";"1";"10";"N";"N";"25"
"26";"28";"1";"10";"N";"N";"26"
"27";"29";"1";"10";"N";"N";"27"
"28";"30";"1";"10";"N";"S";"28"
"29";"31";"1";"10";"N";"N";"29"
"30";"32";"1";"10";"N";"N";"30"
"31";"34";"1";"10";"N";"N";"31"
"32";"35";"1";"10";"N";"S";"32"
"33";"36";"1";"10";"N";"N";"33"
"34";"37";"1";"10";"N";"S";"34"
"35";"38";"1";"10";"N";"S";"35"
"36";"39";"1";"10";"N";"N";"36"
"37";"40";"1";"10";"N";"S";"37"
"38";"42";"1";"10";"N";"S";"38"
"39";"43";"1";"10";"N";"S";"39"
"40";"44";"1";"10";"N";"N";"40"
"41";"45";"1";"10";"N";"S";"41"
"42";"46";"1";"10";"N";"N";"42"
"43";"48";"1";"10";"N";"N";"43"
"44";"49";"1";"10";"N";"S";"44"
"45";"50";"1";"10";"N";"S";"45"
"46";"51";"1";"10";"N";"S";"46"
"47";"52";"1";"10";"N";"N";"47"
"48";"53";"1";"10";"N";"S";"48"
"49";"54";"1";"10";"N";"N";"49"
"50";"55";"1";"10";"N";"N";"50"
"51";"56";"1";"10";"N";"N";"51"
"52";"57";"1";"10";"N";"N";"52"
"53";"58";"1";"10";"N";"S";"53"
"54";"59";"1";"10";"N";"S";"54"
"55";"60";"1";"10";"N";"S";"55"
"56";"61";"1";"10";"N";"N";"56"
"57";"62";"1";"10";"N";"S";"57"
"58";"63";"1";"11";"N";"S";"58"
"59";"64";"1";"11";"N";"N";"59"
"60";"65";"1";"11";"N";"N";"60"
"61";"66";"1";"11";"N";"N";"61"
"62";"67";"1";"11";"N";"N";"62"
"63";"68";"1";"11";"N";"N";"63"
"64";"69";"1";"11";"N";"N";"64"
"65";"71";"1";"11";"N";"S";"65"
"66";"72";"1";"11";"N";"N";"66"
"67";"73";"1";"11";"N";"N";"67"
"68";"74";"1";"11";"N";"S";"68"
"69";"75";"1";"11";"N";"S";"69"
"70";"76";"1";"11";"N";"N";"70"
"71";"77";"1";"11";"N";"S";"71"
"72";"78";"1";"11";"N";"N";"72"
"73";"79";"1";"11";"N";"N";"73"
"74";"80";"1";"11";"N";"S";"74"
"75";"81";"1";"11";"N";"N";"75"
"76";"83";"1";"11";"N";"N";"76"
"77";"84";"1";"11";"N";"N";"77"
"78";"86";"1";"11";"N";"S";"78"
"79";"87";"1";"11";"N";"N";"79"
"80";"88";"1";"11";"N";"S";"80"
"81";"89";"1";"11";"N";"S";"81"
"82";"90";"1";"11";"N";"N";"82"
"83";"91";"1";"11";"N";"N";"83"
"84";"92";"1";"11";"N";"N";"84"
"85";"93";"1";"11";"N";"N";"85"
"86";"94";"1";"11";"N";"N";"86"
"87";"95";"1";"11";"N";"N";"87"
"88";"96";"1";"11";"N";"N";"88"
"89";"97";"1";"11";"N";"S";"89"
"90";"98";"1";"11";"N";"N";"90"
"91";"99";"1";"11";"N";"N";"91"
"92";"100";"1";"13";"N";"S";"92"
"93";"101";"1";"13";"N";"S";"93"
"94";"102";"1";"13";"N";"N";"94"
"95";"103";"1";"13";"N";"N";"95"
"96";"104";"1";"13";"N";"N";"96"
"97";"105";"1";"13";"N";"N";"97"
"98";"106";"1";"13";"N";"S";"98"
"99";"107";"1";"13";"N";"N";"99"
"100";"108";"1";"13";"N";"N";"100"
"101";"109";"1";"13";"N";"N";"101"
"102";"111";"1";"13";"N";"N";"102"
"103";"112";"1";"13";"N";"N";"103"
"104";"113";"1";"13";"N";"N";"104"
"105";"115";"1";"13";"N";"N";"105"
"106";"116";"1";"13";"N";"N";"106"
"107";"117";"1";"13";"N";"N";"107"
"108";"118";"1";"13";"N";"N";"108"
"109";"119";"1";"13";"N";"N";"109"
"110";"120";"1";"13";"N";"N";"110"
"111";"121";"1";"13";"N";"S";"111"
"112";"122";"1";"13";"N";"N";"112"
"113";"123";"1";"13";"N";"S";"113"
"114";"124";"1";"13";"N";"N";"114"
"115";"125";"1";"13";"N";"N";"115"
"116";"126";"1";"13";"N";"N";"116"
"117";"127";"1";"13";"N";"N";"117"
"118";"128";"1";"13";"N";"N";"118"
"119";"129";"1";"14";"N";"N";"119"
"120";"130";"1";"14";"N";"N";"120"
"121";"131";"1";"14";"N";"N";"121"
"122";"132";"1";"14";"N";"N";"122"
"123";"133";"1";"14";"N";"N";"123"
"124";"134";"1";"14";"N";"N";"124"
"125";"135";"1";"14";"N";"N";"125"
"126";"136";"1";"14";"N";"N";"126"
"127";"137";"1";"14";"N";"S";"127"
"128";"138";"1";"14";"N";"N";"128"
"129";"139";"1";"14";"N";"N";"129"
"130";"140";"1";"14";"N";"N";"130"
"131";"141";"1";"14";"N";"N";"131"
"132";"142";"1";"14";"N";"N";"132"
"133";"143";"1";"14";"N";"N";"133"
"134";"144";"1";"14";"N";"N";"134"
"135";"145";"1";"14";"N";"N";"135"
"136";"146";"1";"14";"N";"N";"136"
"137";"147";"1";"14";"N";"N";"137"
"138";"148";"1";"14";"N";"N";"138"
"139";"150";"1";"14";"N";"N";"139"
"140";"151";"1";"14";"N";"N";"140"
"141";"152";"1";"14";"N";"N";"141"
"142";"153";"1";"14";"N";"N";"142"
"143";"154";"1";"14";"N";"N";"143"
"144";"155";"1";"14";"N";"N";"144"
"145";"156";"1";"14";"N";"N";"145"
"146";"157";"1";"14";"N";"N";"146"
"147";"158";"1";"15";"N";"N";"147"
"148";"159";"1";"15";"N";"N";"148"
"149";"160";"1";"15";"N";"N";"149"
"150";"161";"1";"15";"N";"N";"150"
"151";"162";"1";"15";"N";"N";"151"
"152";"163";"1";"15";"N";"N";"152"
"153";"164";"1";"15";"N";"N";"153"
"154";"165";"1";"15";"N";"N";"154"
"155";"166";"1";"15";"N";"N";"155"
"156";"167";"1";"15";"N";"N";"156"
"157";"168";"1";"15";"N";"N";"157"
"158";"169";"1";"15";"N";"N";"158"
"159";"170";"1";"15";"N";"S";"159"
"160";"171";"1";"15";"N";"N";"160"
"161";"172";"1";"15";"N";"N";"161"
"162";"173";"1";"15";"N";"N";"162"
"163";"174";"1";"15";"N";"N";"163"
"164";"175";"1";"15";"N";"N";"164"
"165";"176";"1";"15";"N";"N";"165"
"166";"177";"1";"15";"N";"N";"166"
"167";"178";"1";"15";"N";"N";"167"
"168";"179";"1";"15";"N";"N";"168"
"169";"180";"1";"15";"N";"N";"169"
"170";"181";"1";"13";"N";"S";"170"
"171";"182";"1";"1";"N";"N";"171"
"172";"184";"1";"1";"N";"N";"172"
"173";"185";"1";"1";"N";"N";"173"
"174";"186";"1";"1";"N";"S";"174"
"175";"188";"1";"1";"N";"S";"175"
"176";"189";"1";"1";"N";"N";"176"
"177";"190";"1";"1";"N";"S";"177"
"178";"192";"1";"1";"N";"N";"178"
"179";"194";"1";"1";"N";"N";"179"
"180";"195";"1";"1";"N";"S";"180"
"181";"196";"1";"1";"N";"N";"181"
"182";"197";"1";"1";"N";"N";"182"
"183";"199";"1";"1";"N";"N";"183"
"184";"201";"1";"1";"N";"N";"184"
"185";"202";"1";"1";"N";"S";"185"
"186";"204";"1";"1";"N";"S";"186"
"187";"206";"1";"2";"N";"N";"187"
"188";"207";"1";"2";"N";"N";"188"
"189";"208";"1";"2";"N";"N";"189"
"190";"209";"1";"2";"N";"N";"190"
"191";"210";"1";"2";"N";"N";"191"
"192";"211";"1";"2";"N";"N";"192"
"193";"212";"1";"2";"N";"N";"193"
"194";"213";"1";"2";"N";"S";"194"
"195";"214";"1";"2";"N";"S";"195"
"196";"215";"1";"2";"N";"N";"196"
"197";"216";"1";"2";"N";"N";"197"
"198";"217";"1";"2";"N";"N";"198"
"199";"218";"1";"2";"N";"N";"199"
"200";"219";"1";"2";"N";"N";"200"
"201";"220";"1";"2";"N";"N";"201"
"202";"221";"1";"2";"N";"N";"202"
"203";"222";"1";"2";"N";"N";"203"
"204";"223";"1";"2";"N";"N";"204"
"205";"224";"1";"2";"N";"N";"205"
"206";"225";"1";"2";"N";"N";"206"
"207";"226";"1";"2";"N";"N";"207"
"208";"227";"1";"3";"N";"N";"208"
"209";"228";"1";"3";"N";"S";"209"
"210";"230";"1";"3";"N";"S";"210"
"211";"231";"1";"3";"N";"N";"211"
"212";"233";"1";"3";"N";"N";"212"
"213";"235";"1";"3";"N";"N";"213"
"214";"236";"1";"3";"N";"N";"214"
"215";"237";"1";"3";"N";"N";"215"
"216";"238";"1";"3";"N";"S";"216"
"217";"240";"1";"3";"N";"N";"217"
"218";"241";"1";"3";"N";"N";"218"
"219";"243";"1";"3";"N";"S";"219"
"220";"244";"1";"3";"N";"N";"220"
"221";"245";"1";"3";"N";"N";"221"
"222";"456";"1";"5";"N";"N";"222"
"223";"247";"1";"3";"N";"S";"223"
"224";"248";"1";"4";"N";"N";"224"
"225";"249";"1";"4";"N";"N";"225"
"226";"250";"1";"4";"N";"N";"226"
"227";"251";"1";"4";"N";"N";"227"
"228";"252";"1";"4";"N";"N";"228"
"229";"253";"1";"4";"N";"N";"229"
"230";"254";"1";"4";"N";"N";"230"
"231";"255";"1";"4";"N";"N";"231"
"232";"256";"1";"4";"N";"S";"232"
"233";"257";"1";"4";"N";"S";"233"
"234";"258";"1";"4";"N";"N";"234"
"235";"259";"1";"4";"N";"N";"235"
"236";"260";"1";"4";"N";"N";"236"
"237";"261";"1";"4";"N";"N";"237"
"238";"262";"1";"4";"N";"S";"238"
"239";"263";"1";"4";"N";"N";"239"
"240";"264";"1";"4";"N";"N";"240"
"241";"265";"1";"4";"N";"N";"241"
"242";"266";"1";"4";"N";"S";"242"
"243";"267";"1";"4";"N";"S";"243"
"244";"268";"1";"4";"N";"N";"244"
"245";"269";"1";"4";"N";"N";"245"
"246";"270";"1";"4";"N";"N";"246"
"247";"271";"1";"4";"N";"N";"247"
"248";"272";"1";"4";"N";"N";"248"
"249";"273";"1";"4";"N";"N";"249"
"250";"274";"1";"4";"N";"N";"250"
"251";"275";"1";"4";"N";"N";"251"
"252";"276";"1";"4";"N";"N";"252"
"253";"277";"1";"5";"N";"N";"253"
"254";"278";"1";"5";"N";"N";"254"
"255";"279";"1";"5";"N";"N";"255"
"256";"280";"1";"5";"N";"N";"256"
"257";"281";"1";"5";"N";"N";"257"
"258";"282";"1";"5";"N";"S";"258"
"259";"283";"1";"5";"N";"N";"259"
"260";"284";"1";"5";"N";"N";"260"
"261";"285";"1";"5";"N";"S";"261"
"262";"286";"1";"5";"N";"N";"262"
"263";"287";"1";"5";"N";"N";"263"
"264";"288";"1";"5";"N";"S";"264"
"265";"289";"1";"5";"N";"N";"265"
"266";"290";"1";"5";"N";"S";"266"
"267";"291";"1";"5";"N";"N";"267"
"268";"292";"1";"5";"N";"S";"268"
"269";"293";"1";"5";"N";"N";"269"
"270";"294";"1";"5";"N";"N";"270"
"271";"295";"1";"5";"N";"N";"271"
"272";"296";"1";"5";"N";"N";"272"
"273";"297";"1";"5";"N";"N";"273"
"274";"298";"1";"5";"N";"S";"274"
"275";"299";"1";"5";"N";"S";"275"
"276";"300";"1";"6";"N";"N";"276"
"277";"301";"1";"6";"N";"N";"277"
"278";"302";"1";"6";"N";"N";"278"
"279";"303";"1";"6";"N";"N";"279"
"280";"304";"1";"6";"N";"N";"280"
"281";"305";"1";"6";"N";"N";"281"
"282";"306";"1";"6";"N";"N";"282"
"283";"307";"1";"6";"N";"N";"283"
"284";"308";"1";"6";"N";"S";"284"
"285";"309";"1";"6";"N";"N";"285"
"286";"310";"1";"6";"N";"N";"286"
"287";"311";"1";"6";"N";"N";"287"
"288";"312";"1";"6";"N";"S";"288"
"289";"313";"1";"6";"N";"N";"289"
"290";"314";"1";"6";"N";"N";"290"
"291";"315";"1";"6";"N";"N";"291"
"292";"316";"1";"6";"N";"N";"292"
"293";"317";"1";"6";"N";"N";"293"
"294";"318";"1";"6";"N";"N";"294"
"295";"319";"1";"6";"N";"S";"295"
"296";"320";"1";"6";"N";"N";"296"
"297";"321";"1";"6";"N";"N";"297"
"298";"322";"1";"6";"N";"S";"298"
"299";"323";"1";"6";"N";"N";"299"
"300";"324";"1";"6";"N";"N";"300"
"301";"325";"1";"6";"N";"N";"301"
"302";"326";"1";"6";"N";"S";"302"
"303";"327";"1";"6";"N";"N";"303"
"304";"328";"1";"6";"N";"N";"304"
"305";"329";"1";"6";"N";"S";"305"
"306";"330";"1";"6";"N";"N";"306"
"307";"331";"1";"6";"N";"N";"307"
"308";"332";"1";"6";"N";"S";"308"
"309";"333";"1";"7";"N";"N";"309"
"310";"334";"1";"7";"N";"N";"310"
"311";"335";"1";"7";"N";"N";"311"
"312";"336";"1";"7";"N";"N";"312"
"313";"337";"1";"7";"N";"N";"313"
"314";"339";"1";"7";"N";"N";"314"
"315";"341";"1";"7";"N";"S";"315"
"316";"342";"1";"7";"N";"S";"316"
"317";"343";"1";"7";"N";"N";"317"
"318";"344";"1";"7";"N";"N";"318"
"319";"345";"1";"7";"N";"S";"319"
"320";"346";"1";"7";"N";"N";"320"
"321";"347";"1";"7";"N";"N";"321"
"322";"349";"1";"7";"N";"N";"322"
"323";"350";"1";"7";"N";"N";"323"
"324";"351";"1";"7";"N";"S";"324"
"325";"352";"1";"7";"N";"N";"325"
"326";"353";"1";"7";"N";"N";"326"
"327";"354";"1";"7";"N";"N";"327"
"328";"355";"1";"7";"N";"N";"328"
"329";"356";"1";"7";"N";"N";"329"
"330";"357";"1";"7";"N";"N";"330"
"331";"358";"1";"7";"N";"N";"331"
"332";"359";"1";"7";"N";"N";"332"
"333";"360";"1";"7";"N";"N";"333"
"334";"361";"1";"7";"N";"N";"334"
"335";"362";"1";"7";"N";"N";"335"
"336";"363";"1";"7";"N";"S";"336"
"337";"364";"1";"7";"N";"N";"337"
"338";"365";"1";"7";"N";"N";"338"
"339";"366";"1";"7";"N";"N";"339"
"340";"367";"1";"7";"N";"N";"340"
"341";"368";"1";"7";"N";"N";"341"
"342";"369";"1";"7";"N";"N";"342"
"343";"370";"1";"7";"N";"S";"343"
"344";"371";"1";"12";"N";"N";"344"
"345";"372";"1";"12";"N";"N";"345"
"346";"373";"1";"12";"N";"N";"346"
"347";"374";"1";"12";"N";"N";"347"
"348";"375";"1";"12";"N";"N";"348"
"349";"376";"1";"12";"N";"N";"349"
"350";"377";"1";"12";"N";"N";"350"
"351";"378";"1";"12";"N";"N";"351"
"352";"379";"1";"12";"N";"N";"352"
"353";"380";"1";"12";"N";"N";"353"
"354";"381";"1";"12";"N";"N";"354"
"355";"382";"1";"12";"N";"N";"355"
"356";"383";"1";"12";"N";"N";"356"
"357";"384";"1";"12";"N";"N";"357"
"358";"385";"1";"12";"N";"N";"358"
"359";"386";"1";"12";"N";"N";"359"
"360";"387";"1";"12";"N";"S";"360"
"361";"388";"1";"12";"N";"S";"361"
"362";"389";"1";"12";"N";"N";"362"
"363";"390";"1";"12";"N";"N";"363"
"364";"391";"1";"12";"N";"S";"364"
"365";"392";"1";"12";"N";"N";"365"
"366";"393";"1";"12";"N";"N";"366"
"367";"394";"1";"12";"N";"N";"367"
"368";"395";"1";"12";"N";"N";"368"
"369";"396";"1";"12";"N";"S";"369"
"370";"397";"1";"12";"N";"N";"370"
"371";"398";"1";"8";"N";"N";"371"
"372";"399";"1";"8";"N";"N";"372"
"373";"400";"1";"8";"N";"N";"373"
"374";"401";"1";"8";"N";"N";"374"
"375";"402";"1";"8";"N";"N";"375"
"376";"403";"1";"8";"N";"N";"376"
"377";"404";"1";"8";"N";"N";"377"
"378";"405";"1";"8";"N";"S";"378"
"379";"406";"1";"8";"N";"N";"379"
"380";"407";"1";"8";"N";"N";"380"
"381";"408";"1";"8";"N";"N";"381"
"382";"409";"1";"8";"N";"N";"382"
"383";"410";"1";"8";"N";"N";"383"
"384";"411";"1";"8";"N";"S";"384"
"385";"412";"1";"8";"N";"N";"385"
"386";"413";"1";"8";"N";"N";"386"
"387";"414";"1";"8";"N";"N";"387"
"388";"415";"1";"8";"N";"N";"388"
"389";"416";"1";"8";"N";"N";"389"
"390";"417";"1";"8";"N";"N";"390"
"391";"418";"1";"8";"N";"N";"391"
"392";"419";"1";"8";"N";"N";"392"
"393";"420";"1";"8";"N";"N";"393"
"394";"421";"1";"8";"N";"S";"394"
"395";"423";"1";"9";"N";"N";"395"
"396";"425";"1";"9";"N";"N";"396"
"397";"426";"1";"9";"N";"N";"397"
"398";"427";"1";"9";"N";"N";"398"
"399";"428";"1";"9";"N";"N";"399"
"400";"429";"1";"9";"N";"N";"400"
"401";"430";"1";"9";"N";"N";"401"
"402";"431";"1";"9";"N";"N";"402"
"403";"432";"1";"9";"N";"N";"403"
"404";"433";"1";"9";"N";"N";"404"
"405";"434";"1";"9";"N";"N";"405"
"406";"436";"1";"9";"N";"N";"406"
"407";"437";"1";"9";"N";"N";"407"
"408";"438";"1";"9";"N";"N";"408"
"409";"439";"1";"9";"N";"N";"409"
"410";"440";"1";"9";"N";"N";"410"
"411";"441";"1";"9";"N";"N";"411"
"412";"442";"1";"8";"N";"N";"412"
"413";"443";"1";"5";"N";"N";"413"
"414";"444";"1";"1";"N";"N";"414"
"415";"445";"1";"1";"N";"N";"415"
"416";"446";"1";"1";"N";"S";"416"
"417";"447";"1";"3";"N";"N";"417"
"418";"455";"1";"5";"N";"N";"418"
"419";"449";"1";"3";"N";"N";"419"
"420";"450";"1";"3";"N";"N";"420"
"421";"451";"1";"5";"N";"N";"421"
"422";"452";"1";"5";"N";"S";"422"
"423";"453";"1";"5";"N";"N";"423"
"424";"454";"1";"3";"N";"N";"424"
"425";"206";"2";"19";"N";"N";"1"
"426";"458";"2";"19";"N";"N";"2"
"427";"371";"2";"28";"N";"N";"3"
"428";"372";"2";"28";"N";"N";"4"
"429";"373";"2";"28";"N";"N";"5"
"430";"374";"2";"28";"N";"N";"6"
"431";"376";"2";"28";"N";"N";"7"
"432";"375";"2";"28";"N";"N";"8"
"433";"377";"2";"28";"N";"N";"9"
"434";"378";"2";"28";"N";"N";"10"
"435";"380";"2";"28";"N";"N";"11"
"436";"379";"2";"28";"N";"N";"12"
"437";"381";"2";"28";"N";"N";"13"
"438";"459";"2";"28";"N";"N";"14"
"439";"382";"2";"28";"N";"N";"15"
"440";"383";"2";"28";"N";"N";"16"
"441";"385";"2";"28";"N";"N";"17"
"442";"386";"2";"28";"N";"N";"18"
"443";"392";"2";"28";"N";"N";"19"
"444";"393";"2";"28";"N";"N";"20"
"445";"394";"2";"28";"N";"N";"21"
"446";"395";"2";"28";"N";"N";"22"
"447";"460";"2";"28";"N";"N";"23"
"448";"384";"2";"28";"N";"S";"24"
"449";"389";"2";"28";"N";"S";"25"
"450";"461";"2";"28";"N";"N";"26"
"451";"397";"2";"28";"N";"N";"27"
"452";"462";"2";"29";"N";"N";"28"
"453";"102";"2";"29";"N";"N";"29"
"454";"103";"2";"29";"N";"N";"30"
"455";"104";"2";"29";"N";"N";"31"
"456";"463";"2";"29";"N";"N";"32"
"457";"105";"2";"29";"N";"N";"33"
"458";"108";"2";"29";"N";"N";"34"
"459";"109";"2";"29";"N";"N";"35"
"460";"111";"2";"29";"N";"N";"36"
"461";"112";"2";"29";"N";"N";"37"
"462";"113";"2";"29";"N";"N";"38"
"463";"116";"2";"29";"N";"N";"39"
"464";"115";"2";"29";"N";"N";"40"
"465";"117";"2";"29";"N";"N";"41"
"466";"119";"2";"29";"N";"N";"42"
"467";"120";"2";"29";"N";"N";"43"
"468";"122";"2";"29";"N";"N";"44"
"469";"125";"2";"29";"N";"N";"45"
"470";"124";"2";"29";"N";"N";"46"
"471";"126";"2";"29";"N";"N";"47"
"472";"127";"2";"29";"N";"N";"48"
"473";"128";"2";"29";"N";"N";"49"
"474";"26";"2";"26";"N";"N";"50"
"475";"27";"2";"26";"N";"N";"51"
"476";"29";"2";"26";"N";"N";"52"
"477";"28";"2";"26";"N";"S";"53"
"478";"31";"2";"26";"N";"S";"54"
"479";"32";"2";"26";"N";"S";"55"
"480";"464";"2";"26";"N";"S";"56"
"481";"34";"2";"26";"N";"N";"57"
"482";"39";"2";"26";"N";"N";"58"
"483";"465";"2";"26";"N";"N";"59"
"484";"466";"2";"26";"N";"N";"60"
"485";"44";"2";"26";"N";"N";"61"
"486";"46";"2";"26";"N";"S";"62"
"487";"48";"2";"26";"N";"N";"63"
"488";"52";"2";"26";"N";"S";"64"
"489";"467";"2";"26";"N";"S";"65"
"490";"54";"2";"26";"N";"N";"66"
"491";"55";"2";"26";"N";"N";"67"
"492";"99";"2";"27";"N";"N";"68"
"493";"64";"2";"27";"N";"N";"69"
"494";"66";"2";"27";"N";"N";"70"
"495";"67";"2";"27";"N";"N";"71"
"496";"68";"2";"27";"N";"N";"72"
"497";"69";"2";"27";"N";"N";"73"
"498";"468";"2";"27";"N";"N";"74"
"499";"469";"2";"27";"N";"S";"75"
"500";"72";"2";"27";"N";"N";"76"
"501";"470";"2";"27";"N";"S";"77"
"502";"471";"2";"27";"N";"N";"78"
"503";"472";"2";"27";"N";"N";"79"
"504";"79";"2";"27";"N";"N";"80"
"505";"81";"2";"27";"N";"N";"81"
"506";"473";"2";"27";"N";"N";"82"
"507";"474";"2";"27";"N";"N";"83"
"508";"84";"2";"27";"N";"N";"84"
"509";"721";"2";"19";"N";"S";"85"
"510";"87";"2";"27";"N";"N";"86"
"511";"476";"2";"27";"N";"N";"87"
"512";"90";"2";"27";"N";"N";"88"
"513";"91";"2";"27";"N";"N";"89"
"514";"92";"2";"27";"N";"N";"90"
"515";"93";"2";"27";"N";"S";"91"
"516";"94";"2";"27";"N";"N";"92"
"517";"95";"2";"27";"N";"N";"93"
"518";"248";"2";"24";"N";"S";"94"
"519";"477";"2";"24";"N";"N";"95"
"520";"478";"2";"24";"N";"N";"96"
"521";"479";"2";"24";"N";"S";"97"
"522";"480";"2";"24";"N";"S";"98"
"523";"481";"2";"24";"N";"N";"99"
"524";"482";"2";"24";"N";"S";"100"
"525";"483";"2";"24";"N";"S";"101"
"526";"484";"2";"24";"N";"S";"102"
"527";"485";"2";"24";"N";"N";"103"
"528";"287";"2";"24";"N";"N";"104"
"529";"486";"2";"24";"N";"S";"105"
"530";"487";"2";"24";"N";"S";"106"
"531";"488";"2";"24";"N";"S";"107"
"532";"489";"2";"24";"N";"S";"108"
"533";"490";"2";"24";"N";"S";"109"
"534";"491";"2";"24";"N";"S";"110"
"535";"265";"2";"24";"N";"S";"111"
"536";"443";"2";"24";"N";"N";"112"
"537";"492";"2";"24";"N";"N";"113"
"538";"493";"2";"24";"N";"N";"114"
"539";"494";"2";"24";"N";"N";"115"
"540";"496";"2";"24";"N";"N";"116"
"541";"497";"2";"24";"N";"S";"117"
"542";"617";"2";"24";"N";"S";"118"
"543";"336";"2";"23";"N";"N";"119"
"544";"499";"2";"24";"N";"N";"120"
"545";"56";"2";"24";"N";"S";"121"
"546";"500";"2";"24";"N";"S";"122"
"547";"501";"2";"24";"N";"S";"123"
"548";"502";"2";"24";"N";"S";"124"
"549";"294";"2";"24";"N";"N";"125"
"550";"503";"2";"24";"N";"S";"126"
"551";"76";"2";"27";"N";"N";"127"
"552";"65";"2";"25";"N";"S";"128"
"553";"504";"2";"25";"N";"N";"129"
"554";"505";"2";"25";"N";"S";"130"
"555";"506";"2";"25";"N";"S";"131"
"556";"507";"2";"25";"N";"S";"132"
"557";"75";"2";"25";"N";"N";"133"
"558";"668";"2";"25";"N";"N";"134"
"559";"509";"2";"25";"N";"N";"135"
"560";"510";"2";"25";"N";"N";"136"
"561";"511";"2";"25";"N";"S";"137"
"562";"78";"2";"25";"N";"N";"138"
"563";"512";"2";"25";"N";"S";"139"
"564";"315";"2";"22";"N";"S";"140"
"565";"513";"2";"25";"N";"N";"141"
"566";"514";"2";"25";"N";"N";"142"
"567";"516";"2";"25";"N";"S";"143"
"568";"517";"2";"25";"N";"S";"144"
"569";"518";"2";"25";"N";"N";"145"
"570";"519";"2";"25";"N";"S";"146"
"571";"83";"2";"25";"N";"S";"147"
"572";"331";"2";"22";"N";"N";"148"
"573";"521";"2";"25";"N";"S";"149"
"574";"522";"2";"25";"N";"N";"150"
"575";"523";"2";"25";"N";"N";"151"
"576";"524";"2";"25";"N";"N";"152"
"577";"451";"2";"25";"N";"S";"153"
"578";"525";"2";"25";"N";"S";"154"
"579";"57";"2";"25";"N";"S";"155"
"580";"526";"2";"25";"N";"N";"156"
"581";"58";"2";"25";"N";"N";"157"
"582";"527";"2";"25";"N";"S";"158"
"583";"96";"2";"25";"N";"N";"159"
"584";"687";"2";"24";"N";"S";"160"
"585";"529";"2";"17";"N";"N";"161"
"586";"530";"2";"17";"N";"N";"162"
"587";"531";"2";"17";"N";"S";"163"
"588";"532";"2";"17";"N";"S";"164"
"589";"533";"2";"17";"N";"N";"165"
"590";"534";"2";"17";"N";"N";"166"
"591";"535";"2";"17";"N";"N";"167"
"592";"536";"2";"17";"N";"N";"168"
"593";"537";"2";"17";"N";"S";"169"
"594";"538";"2";"17";"N";"N";"170"
"595";"539";"2";"17";"N";"S";"171"
"596";"540";"2";"17";"N";"S";"172"
"597";"541";"2";"17";"N";"N";"173"
"598";"542";"2";"17";"N";"N";"174"
"599";"543";"2";"17";"N";"N";"175"
"600";"544";"2";"17";"N";"N";"176"
"601";"545";"2";"17";"N";"N";"177"
"602";"546";"2";"17";"N";"N";"178"
"603";"704";"2";"17";"N";"N";"179"
"604";"548";"2";"17";"N";"N";"180"
"605";"549";"2";"17";"N";"N";"181"
"606";"550";"2";"17";"N";"N";"182"
"607";"551";"2";"17";"N";"S";"183"
"608";"552";"2";"17";"N";"N";"184"
"609";"553";"2";"17";"N";"N";"185"
"610";"554";"2";"17";"N";"N";"186"
"611";"555";"2";"17";"N";"N";"187"
"612";"556";"2";"17";"N";"N";"188"
"613";"557";"2";"17";"N";"N";"189"
"614";"558";"2";"17";"N";"N";"190"
"615";"559";"2";"17";"N";"S";"191"
"616";"560";"2";"17";"N";"S";"192"
"617";"705";"2";"17";"N";"S";"193"
"618";"562";"2";"17";"N";"N";"194"
"619";"563";"2";"17";"N";"S";"195"
"620";"564";"2";"17";"N";"S";"196"
"621";"565";"2";"17";"N";"N";"197"
"622";"566";"2";"17";"N";"N";"198"
"623";"567";"2";"17";"N";"S";"199"
"624";"568";"2";"17";"N";"N";"200"
"625";"569";"2";"18";"N";"S";"201"
"626";"570";"2";"18";"N";"N";"202"
"627";"724";"2";"25";"N";"N";"203"
"628";"572";"2";"18";"N";"N";"204"
"629";"573";"2";"18";"N";"S";"205"
"630";"574";"2";"18";"N";"N";"206"
"631";"576";"2";"18";"N";"S";"207"
"632";"577";"2";"18";"N";"S";"208"
"633";"578";"2";"18";"N";"N";"209"
"634";"579";"2";"18";"N";"S";"210"
"635";"580";"2";"18";"N";"S";"211"
"636";"581";"2";"18";"N";"S";"212"
"637";"582";"2";"18";"N";"N";"213"
"638";"583";"2";"18";"N";"S";"214"
"639";"712";"2";"18";"N";"N";"215"
"640";"711";"2";"18";"N";"S";"216"
"641";"586";"2";"18";"N";"S";"217"
"642";"587";"2";"18";"N";"N";"218"
"643";"588";"2";"18";"N";"N";"219"
"644";"589";"2";"18";"N";"N";"220"
"645";"590";"2";"18";"N";"S";"221"
"646";"184";"2";"18";"N";"S";"222"
"647";"194";"2";"18";"N";"N";"223"
"648";"196";"2";"18";"N";"N";"224"
"649";"290";"2";"19";"N";"S";"225"
"650";"201";"2";"18";"N";"N";"226"
"651";"714";"2";"19";"N";"N";"227"
"652";"444";"2";"18";"N";"N";"228"
"653";"192";"2";"18";"N";"N";"229"
"654";"189";"2";"18";"N";"N";"230"
"655";"197";"2";"18";"N";"S";"231"
"656";"591";"2";"19";"N";"N";"232"
"657";"592";"2";"19";"N";"N";"233"
"658";"593";"2";"19";"N";"S";"234"
"659";"594";"2";"19";"N";"N";"235"
"660";"595";"2";"19";"N";"S";"236"
"661";"596";"2";"19";"N";"S";"237"
"662";"597";"2";"19";"N";"N";"238"
"663";"598";"2";"19";"N";"N";"239"
"664";"599";"2";"19";"N";"N";"240"
"665";"600";"2";"19";"N";"N";"241"
"666";"282";"2";"19";"N";"S";"242"
"667";"221";"2";"19";"N";"N";"243"
"668";"720";"2";"19";"N";"N";"244"
"669";"225";"2";"19";"N";"N";"245"
"670";"224";"2";"19";"N";"N";"246"
"671";"222";"2";"19";"N";"N";"247"
"672";"220";"2";"19";"N";"N";"248"
"673";"226";"2";"19";"N";"N";"249"
"674";"216";"2";"19";"N";"N";"250"
"675";"219";"2";"19";"N";"N";"251"
"676";"210";"2";"19";"N";"N";"252"
"677";"212";"2";"19";"N";"N";"253"
"678";"209";"2";"19";"N";"N";"254"
"679";"211";"2";"19";"N";"N";"255"
"680";"208";"2";"19";"N";"N";"256"
"681";"207";"2";"19";"N";"S";"257"
"682";"601";"2";"20";"N";"S";"258"
"683";"223";"2";"20";"N";"S";"259"
"684";"602";"2";"20";"N";"N";"260"
"685";"603";"2";"20";"N";"N";"261"
"686";"604";"2";"20";"N";"S";"262"
"687";"605";"2";"20";"N";"N";"263"
"688";"606";"2";"20";"N";"N";"264"
"689";"607";"2";"20";"N";"S";"265"
"690";"241";"2";"20";"N";"N";"266"
"691";"609";"2";"20";"N";"N";"267"
"692";"610";"2";"20";"N";"N";"268"
"693";"611";"2";"20";"N";"N";"269"
"694";"612";"2";"20";"N";"S";"270"
"695";"715";"2";"20";"N";"N";"271"
"696";"614";"2";"20";"N";"S";"272"
"697";"716";"2";"21";"N";"N";"273"
"698";"616";"2";"20";"N";"N";"274"
"699";"237";"2";"20";"N";"S";"275"
"700";"454";"2";"20";"N";"N";"276"
"701";"231";"2";"20";"N";"N";"277"
"702";"233";"2";"20";"N";"N";"278"
"703";"236";"2";"20";"N";"N";"279"
"704";"240";"2";"20";"N";"N";"280"
"705";"244";"2";"20";"N";"N";"281"
"706";"245";"2";"20";"N";"N";"282"
"707";"305";"2";"21";"N";"S";"283"
"708";"449";"2";"20";"N";"N";"284"
"709";"450";"2";"20";"N";"N";"285"
"710";"235";"2";"20";"N";"N";"286"
"711";"618";"2";"21";"N";"N";"287"
"712";"619";"2";"21";"N";"N";"288"
"713";"620";"2";"21";"N";"N";"289"
"714";"621";"2";"21";"N";"N";"290"
"715";"622";"2";"21";"N";"N";"291"
"716";"623";"2";"21";"N";"N";"292"
"717";"624";"2";"21";"N";"N";"293"
"718";"625";"2";"21";"N";"S";"294"
"719";"77";"2";"21";"N";"N";"295"
"720";"627";"2";"21";"N";"N";"296"
"721";"628";"2";"21";"N";"N";"297"
"722";"629";"2";"21";"N";"N";"298"
"723";"630";"2";"21";"N";"S";"299"
"724";"631";"2";"21";"N";"S";"300"
"725";"632";"2";"21";"N";"N";"301"
"726";"633";"2";"21";"N";"N";"302"
"727";"634";"2";"21";"N";"N";"303"
"728";"635";"2";"21";"N";"N";"304"
"729";"636";"2";"21";"N";"S";"305"
"730";"637";"2";"21";"N";"N";"306"
"731";"638";"2";"21";"N";"N";"307"
"732";"639";"2";"21";"N";"N";"308"
"733";"640";"2";"21";"N";"N";"309"
"734";"641";"2";"21";"N";"N";"310"
"735";"642";"2";"21";"N";"S";"311"
"736";"644";"2";"21";"N";"S";"312"
"737";"645";"2";"21";"N";"N";"313"
"738";"646";"2";"21";"N";"S";"314"
"739";"647";"2";"21";"N";"N";"315"
"740";"648";"2";"21";"N";"S";"316"
"741";"649";"2";"21";"N";"S";"317"
"742";"42";"2";"21";"N";"N";"318"
"743";"297";"2";"21";"N";"N";"319"
"744";"284";"2";"21";"N";"N";"320"
"745";"650";"2";"21";"N";"N";"321"
"746";"277";"2";"21";"N";"S";"322"
"747";"280";"2";"21";"N";"N";"323"
"748";"258";"2";"21";"N";"N";"324"
"749";"651";"2";"21";"N";"N";"325"
"750";"652";"2";"21";"N";"S";"326"
"751";"653";"2";"30";"N";"S";"327"
"752";"654";"2";"30";"N";"S";"328"
"753";"447";"2";"20";"N";"N";"329"
"754";"656";"2";"30";"N";"N";"330"
"755";"657";"2";"30";"N";"S";"331"
"756";"658";"2";"30";"N";"S";"332"
"757";"659";"2";"30";"N";"N";"333"
"758";"660";"2";"30";"N";"N";"334"
"759";"661";"2";"30";"N";"N";"335"
"760";"662";"2";"30";"N";"S";"336"
"761";"664";"2";"30";"N";"N";"337"
"762";"665";"2";"30";"N";"S";"338"
"763";"666";"2";"30";"N";"S";"339"
"764";"457";"2";"30";"N";"S";"340"
"765";"295";"2";"30";"N";"N";"341"
"766";"291";"2";"30";"N";"N";"342"
"767";"283";"2";"30";"N";"N";"343"
"768";"296";"2";"30";"N";"N";"344"
"769";"259";"2";"30";"N";"S";"345"
"770";"261";"2";"30";"N";"S";"346"
"771";"253";"2";"30";"N";"N";"347"
"772";"273";"2";"30";"N";"N";"348"
"773";"269";"2";"30";"N";"N";"349"
"774";"251";"2";"30";"N";"N";"350"
"775";"255";"2";"30";"N";"N";"351"
"776";"264";"2";"30";"N";"N";"352"
"777";"272";"2";"30";"N";"N";"353"
"778";"271";"2";"30";"N";"S";"354"
"779";"276";"2";"30";"N";"N";"355"
"780";"669";"2";"25";"N";"N";"356"
"781";"508";"2";"25";"N";"S";"357"
"782";"671";"2";"25";"N";"S";"358"
"783";"672";"2";"25";"N";"N";"359"
"784";"673";"2";"22";"N";"N";"360"
"785";"674";"2";"22";"N";"N";"361"
"786";"675";"2";"22";"N";"N";"362"
"787";"676";"2";"22";"N";"S";"363"
"788";"678";"2";"22";"N";"N";"364"
"789";"679";"2";"22";"N";"N";"365"
"790";"680";"2";"22";"N";"S";"366"
"791";"681";"2";"22";"N";"N";"367"
"792";"682";"2";"22";"N";"N";"368"
"793";"683";"2";"22";"N";"N";"369"
"794";"684";"2";"22";"N";"N";"370"
"795";"685";"2";"22";"N";"N";"371"
"796";"686";"2";"22";"N";"N";"372"
"797";"311";"2";"22";"N";"N";"373"
"798";"309";"2";"22";"N";"N";"374"
"799";"323";"2";"22";"N";"N";"375"
"800";"318";"2";"22";"N";"N";"376"
"801";"307";"2";"22";"N";"N";"377"
"802";"313";"2";"22";"N";"N";"378"
"803";"320";"2";"22";"N";"N";"379"
"804";"327";"2";"22";"N";"N";"380"
"805";"328";"2";"22";"N";"N";"381"
"806";"324";"2";"22";"N";"N";"382"
"807";"330";"2";"22";"N";"N";"383"
"808";"303";"2";"22";"N";"N";"384"
"809";"325";"2";"22";"N";"N";"385"
"810";"301";"2";"22";"N";"S";"386"
"811";"688";"2";"24";"N";"S";"387"
"812";"369";"2";"23";"N";"N";"388"
"813";"362";"2";"23";"N";"N";"389"
"814";"689";"2";"23";"N";"N";"390"
"815";"360";"2";"23";"N";"N";"391"
"816";"405";"2";"23";"N";"N";"392"
"817";"690";"2";"23";"N";"N";"393"
"818";"364";"2";"23";"N";"N";"394"
"819";"367";"2";"23";"N";"N";"395"
"820";"358";"2";"23";"N";"N";"396"
"821";"356";"2";"23";"N";"N";"397"
"822";"353";"2";"23";"N";"N";"398"
"823";"333";"2";"23";"N";"N";"399"
"824";"343";"2";"23";"N";"N";"400"
"825";"350";"2";"23";"N";"N";"401"
"826";"352";"2";"23";"N";"N";"402"
"827";"691";"2";"23";"N";"N";"403"
"828";"335";"2";"23";"N";"N";"404"
"829";"346";"2";"23";"N";"N";"405"
"830";"357";"2";"23";"N";"N";"406"
"831";"361";"2";"23";"N";"N";"407"
"832";"366";"2";"23";"N";"N";"408"
"833";"368";"2";"23";"N";"N";"409"
"834";"354";"2";"23";"N";"N";"410"
"835";"344";"2";"23";"N";"N";"411"
"836";"692";"2";"23";"N";"N";"412"
"837";"334";"2";"23";"N";"S";"413"
"838";"337";"2";"23";"N";"N";"414"
"839";"345";"2";"23";"N";"N";"415"
"840";"693";"2";"23";"N";"N";"416"
"841";"355";"2";"23";"N";"N";"417"
"842";"694";"2";"23";"N";"N";"418"
"843";"365";"2";"23";"N";"N";"419"
"844";"300";"2";"22";"N";"N";"420"
"845";"695";"2";"22";"N";"N";"421"
"846";"304";"2";"22";"N";"N";"422"
"847";"36";"2";"22";"N";"N";"423"
"848";"314";"2";"22";"N";"N";"424"
"849";"359";"2";"22";"N";"S";"425"
"850";"696";"2";"30";"N";"N";"426"
"851";"697";"2";"30";"N";"S";"427"
"852";"698";"2";"30";"N";"N";"428"
"853";"699";"2";"30";"N";"N";"429"
"854";"274";"2";"30";"N";"N";"430"
"855";"700";"2";"30";"N";"S";"431"
"856";"701";"2";"30";"N";"S";"432"
"857";"702";"2";"30";"N";"N";"433"
"858";"61";"2";"26";"N";"N";"434"
"859";"706";"2";"17";"N";"S";"435"
"860";"707";"2";"17";"N";"N";"436"
"861";"709";"2";"17";"N";"S";"437"
"862";"717";"2";"21";"N";"S";"438"
"863";"718";"2";"21";"N";"N";"439"
"864";"719";"2";"21";"N";"N";"440"
"865";"722";"2";"23";"N";"N";"441"
"866";"723";"2";"25";"N";"N";"442"
"867";"182";"2";"18";"N";"S";"443"
"868";"778";"2";"17";"N";"N";"444"
"869";"726";"3";"31";"N";"N";"1"
"870";"727";"3";"31";"N";"N";"2"
"871";"729";"3";"31";"N";"N";"3"
"872";"730";"3";"31";"N";"N";"4"
"873";"1132";"4";"47";"N";"N";"1"
"874";"732";"3";"31";"N";"S";"5"
"875";"733";"3";"31";"N";"N";"6"
"876";"734";"3";"31";"N";"N";"7"
"877";"735";"3";"31";"N";"S";"8"
"878";"736";"3";"31";"N";"S";"9"
"879";"737";"3";"31";"N";"S";"10"
"880";"738";"3";"31";"N";"S";"11"
"881";"739";"3";"31";"N";"N";"12"
"882";"740";"3";"31";"N";"N";"13"
"883";"741";"3";"31";"N";"S";"14"
"884";"742";"3";"31";"N";"N";"15"
"885";"743";"3";"31";"N";"N";"16"
"886";"744";"3";"31";"N";"N";"17"
"887";"745";"3";"31";"N";"S";"18"
"888";"746";"3";"31";"N";"S";"19"
"889";"747";"3";"31";"N";"S";"20"
"890";"1130";"4";"47";"N";"S";"2"
"891";"749";"3";"31";"N";"S";"21"
"892";"750";"3";"31";"N";"N";"22"
"893";"741";"4";"47";"N";"N";"3"
"894";"752";"3";"31";"N";"S";"23"
"895";"753";"3";"31";"N";"N";"24"
"896";"754";"3";"31";"N";"N";"25"
"897";"755";"3";"31";"N";"N";"26"
"898";"1399";"4";"58";"N";"S";"4"
"899";"533";"3";"31";"N";"S";"27"
"900";"757";"3";"31";"N";"N";"28"
"901";"758";"3";"31";"N";"S";"29"
"902";"759";"3";"31";"N";"N";"30"
"903";"1097";"3";"43";"N";"N";"31"
"904";"535";"3";"32";"N";"N";"32"
"905";"534";"3";"32";"N";"N";"33"
"906";"530";"3";"32";"N";"S";"34"
"907";"772";"3";"32";"N";"N";"35"
"908";"546";"3";"32";"N";"N";"36"
"909";"707";"3";"32";"N";"S";"37"
"910";"773";"3";"32";"N";"N";"38"
"911";"550";"3";"32";"N";"N";"39"
"912";"544";"3";"32";"N";"N";"40"
"913";"774";"3";"32";"N";"S";"41"
"914";"775";"3";"32";"N";"N";"42"
"915";"555";"3";"32";"N";"N";"43"
"916";"776";"3";"32";"N";"N";"44"
"917";"568";"3";"32";"N";"N";"45"
"918";"562";"3";"32";"N";"N";"46"
"919";"1005";"3";"34";"N";"S";"47"
"920";"778";"3";"32";"N";"N";"48"
"921";"779";"3";"32";"N";"S";"49"
"922";"538";"3";"32";"N";"N";"50"
"923";"1124";"4";"47";"N";"S";"5"
"924";"781";"3";"32";"N";"S";"51"
"925";"1123";"4";"47";"N";"N";"6"
"926";"1387";"4";"47";"N";"S";"7"
"927";"997";"3";"33";"N";"S";"52"
"928";"566";"3";"32";"N";"S";"53"
"929";"782";"3";"32";"N";"N";"54"
"930";"557";"3";"32";"N";"N";"55"
"931";"783";"3";"32";"N";"S";"56"
"932";"784";"3";"33";"N";"S";"57"
"933";"785";"3";"33";"N";"S";"58"
"934";"786";"3";"33";"N";"S";"59"
"935";"1400";"4";"58";"N";"S";"8"
"936";"788";"3";"33";"N";"S";"60"
"937";"529";"3";"33";"N";"S";"61"
"938";"789";"3";"33";"N";"S";"62"
"939";"790";"3";"33";"N";"N";"63"
"940";"552";"3";"33";"N";"N";"64"
"941";"791";"3";"33";"N";"N";"65"
"942";"1153";"4";"48";"N";"N";"9"
"943";"792";"3";"33";"N";"N";"66"
"944";"793";"3";"33";"N";"N";"67"
"945";"794";"3";"33";"N";"S";"68"
"946";"553";"3";"33";"N";"N";"69"
"947";"565";"3";"33";"N";"N";"70"
"948";"548";"3";"33";"N";"N";"71"
"949";"795";"3";"33";"N";"S";"72"
"950";"796";"3";"33";"N";"N";"73"
"951";"797";"3";"33";"N";"N";"74"
"952";"798";"3";"33";"N";"S";"75"
"953";"1118";"4";"47";"N";"N";"10"
"954";"1000";"3";"33";"N";"N";"76"
"955";"800";"3";"33";"N";"N";"77"
"956";"1117";"4";"47";"N";"N";"11"
"957";"802";"3";"33";"N";"N";"78"
"958";"1004";"3";"34";"N";"S";"79"
"959";"199";"3";"33";"N";"N";"80"
"960";"803";"3";"34";"N";"N";"81"
"961";"804";"3";"34";"N";"S";"82"
"962";"805";"3";"34";"N";"N";"83"
"963";"604";"3";"34";"N";"S";"84"
"964";"806";"3";"34";"N";"S";"85"
"965";"587";"3";"34";"N";"S";"86"
"966";"807";"3";"34";"N";"N";"87"
"967";"808";"3";"34";"N";"S";"88"
"968";"809";"3";"34";"N";"N";"89"
"969";"810";"3";"34";"N";"S";"90"
"970";"811";"3";"34";"N";"N";"91"
"971";"812";"3";"34";"N";"N";"92"
"972";"1007";"3";"34";"N";"S";"93"
"973";"814";"3";"34";"N";"N";"94"
"974";"815";"3";"34";"N";"N";"95"
"975";"237";"3";"34";"N";"S";"96"
"976";"192";"3";"34";"N";"S";"97"
"977";"570";"3";"34";"N";"N";"98"
"978";"816";"3";"34";"N";"S";"99"
"979";"817";"3";"34";"N";"S";"100"
"980";"818";"3";"34";"N";"N";"101"
"981";"194";"3";"34";"N";"N";"102"
"982";"1116";"4";"47";"N";"N";"12"
"983";"1092";"3";"34";"N";"S";"103"
"984";"820";"3";"34";"N";"S";"104"
"985";"201";"3";"34";"N";"S";"105"
"986";"1115";"4";"47";"N";"S";"13"
"987";"444";"3";"34";"N";"N";"106"
"988";"574";"3";"35";"N";"S";"107"
"989";"822";"3";"35";"N";"N";"108"
"990";"721";"3";"35";"N";"N";"109"
"991";"610";"3";"35";"N";"N";"110"
"992";"823";"3";"35";"N";"N";"111"
"993";"824";"3";"35";"N";"N";"112"
"994";"589";"3";"35";"N";"N";"113"
"995";"601";"3";"35";"N";"S";"114"
"996";"1114";"4";"47";"N";"N";"14"
"997";"189";"3";"35";"N";"N";"115"
"998";"826";"3";"35";"N";"N";"116"
"999";"572";"3";"35";"N";"N";"117"
"1000";"588";"3";"35";"N";"N";"118"
"1001";"827";"3";"35";"N";"N";"119"
"1002";"1003";"3";"33";"N";"N";"120"
"1003";"828";"3";"35";"N";"S";"121"
"1004";"829";"3";"35";"N";"S";"122"
"1005";"830";"3";"35";"N";"N";"123"
"1006";"831";"3";"35";"N";"S";"124"
"1007";"832";"3";"35";"N";"N";"125"
"1008";"833";"3";"35";"N";"N";"126"
"1009";"223";"3";"35";"N";"N";"127"
"1010";"712";"3";"35";"N";"N";"128"
"1011";"834";"3";"35";"N";"N";"129"
"1012";"835";"3";"35";"N";"N";"130"
"1013";"1013";"3";"35";"N";"N";"131"
"1014";"836";"3";"35";"N";"N";"132"
"1015";"582";"3";"35";"N";"S";"133"
"1016";"837";"3";"35";"N";"N";"134"
"1017";"838";"3";"39";"N";"N";"135"
"1018";"839";"3";"39";"N";"S";"136"
"1019";"840";"3";"39";"N";"S";"137"
"1020";"841";"3";"39";"N";"N";"138"
"1021";"842";"3";"39";"N";"S";"139"
"1022";"606";"3";"39";"N";"N";"140"
"1023";"1390";"4";"50";"N";"N";"15"
"1024";"844";"3";"39";"N";"S";"141"
"1025";"845";"3";"39";"N";"S";"142"
"1026";"846";"3";"39";"N";"N";"143"
"1027";"1037";"3";"39";"N";"N";"144"
"1028";"848";"3";"39";"N";"N";"145"
"1029";"849";"3";"39";"N";"S";"146"
"1030";"62";"3";"39";"N";"N";"147"
"1031";"851";"3";"39";"N";"S";"148"
"1032";"852";"3";"39";"N";"S";"149"
"1033";"853";"3";"39";"N";"S";"150"
"1034";"1040";"3";"39";"N";"N";"151"
"1035";"500";"3";"39";"N";"S";"152"
"1036";"49";"3";"39";"N";"S";"153"
"1037";"89";"3";"39";"N";"N";"154"
"1038";"854";"3";"39";"N";"S";"155"
"1039";"1039";"3";"39";"N";"S";"156"
"1040";"1038";"3";"39";"N";"S";"157"
"1041";"857";"3";"39";"N";"S";"158"
"1042";"858";"3";"39";"N";"N";"159"
"1043";"859";"3";"39";"N";"N";"160"
"1044";"860";"3";"39";"N";"N";"161"
"1045";"861";"3";"39";"N";"N";"162"
"1046";"862";"3";"39";"N";"N";"163"
"1047";"863";"3";"39";"N";"S";"164"
"1048";"1142";"4";"47";"N";"N";"16"
"1049";"839";"4";"58";"N";"S";"17"
"1050";"866";"3";"40";"N";"S";"165"
"1051";"867";"3";"40";"N";"N";"166"
"1052";"1140";"4";"47";"N";"N";"18"
"1053";"869";"3";"40";"N";"N";"167"
"1054";"870";"3";"40";"N";"N";"168"
"1055";"506";"3";"40";"N";"S";"169"
"1056";"611";"3";"40";"N";"S";"170"
"1057";"35";"3";"40";"N";"N";"171"
"1058";"605";"3";"40";"N";"N";"172"
"1059";"37";"3";"40";"N";"N";"173"
"1060";"871";"3";"40";"N";"S";"174"
"1061";"602";"3";"40";"N";"S";"175"
"1062";"236";"3";"40";"N";"S";"176"
"1063";"872";"3";"40";"N";"S";"177"
"1064";"873";"3";"40";"N";"N";"178"
"1065";"874";"3";"39";"N";"N";"179"
"1066";"265";"3";"40";"N";"N";"180"
"1067";"875";"3";"40";"N";"S";"181"
"1068";"876";"3";"40";"N";"N";"182"
"1069";"522";"3";"40";"N";"N";"183"
"1070";"877";"3";"40";"N";"S";"184"
"1071";"451";"3";"40";"N";"N";"185"
"1072";"878";"3";"40";"N";"S";"186"
"1073";"879";"3";"40";"N";"N";"187"
"1074";"56";"3";"40";"N";"S";"188"
"1075";"880";"3";"40";"N";"S";"189"
"1076";"277";"3";"36";"N";"N";"190"
"1077";"1090";"3";"37";"N";"S";"191"
"1078";"1107";"4";"47";"N";"N";"19"
"1079";"1057";"3";"46";"N";"N";"192"
"1080";"1056";"3";"46";"N";"N";"193"
"1081";"715";"3";"36";"N";"S";"194"
"1082";"294";"3";"46";"N";"N";"195"
"1083";"884";"3";"36";"N";"S";"196"
"1084";"1047";"3";"36";"N";"S";"197"
"1085";"716";"3";"36";"N";"S";"198"
"1086";"447";"3";"36";"N";"N";"199"
"1087";"887";"3";"36";"N";"S";"200"
"1088";"1105";"4";"47";"N";"N";"20"
"1089";"621";"3";"46";"N";"S";"201"
"1090";"890";"3";"36";"N";"N";"202"
"1091";"891";"3";"36";"N";"N";"203"
"1092";"592";"3";"46";"N";"N";"204"
"1093";"594";"3";"36";"N";"N";"205"
"1094";"632";"3";"36";"N";"N";"206"
"1095";"449";"3";"46";"N";"N";"207"
"1096";"892";"3";"36";"N";"N";"208"
"1097";"893";"3";"36";"N";"N";"209"
"1098";"235";"3";"36";"N";"N";"210"
"1099";"894";"3";"36";"N";"S";"211"
"1100";"1048";"3";"36";"N";"S";"212"
"1101";"895";"3";"36";"N";"S";"213"
"1102";"1055";"3";"46";"N";"S";"214"
"1103";"1054";"3";"46";"N";"S";"215"
"1104";"898";"3";"36";"N";"N";"216"
"1105";"1053";"3";"46";"N";"N";"217"
"1106";"714";"3";"36";"N";"N";"218"
"1107";"258";"3";"46";"N";"S";"219"
"1108";"1052";"3";"46";"N";"N";"220"
"1109";"900";"3";"36";"N";"S";"221"
"1110";"208";"3";"46";"N";"S";"222"
"1111";"252";"3";"46";"N";"S";"223"
"1112";"224";"3";"36";"N";"N";"224"
"1113";"225";"3";"36";"N";"N";"225"
"1114";"1051";"3";"46";"N";"N";"226"
"1115";"450";"3";"36";"N";"N";"227"
"1116";"1050";"3";"46";"N";"S";"228"
"1117";"226";"3";"36";"N";"N";"229"
"1118";"904";"3";"36";"N";"N";"230"
"1119";"1049";"3";"46";"N";"S";"231"
"1120";"906";"3";"36";"N";"N";"232"
"1121";"647";"3";"37";"N";"N";"233"
"1122";"634";"3";"37";"N";"N";"234"
"1123";"629";"3";"37";"N";"N";"235"
"1124";"620";"3";"37";"N";"N";"236"
"1125";"633";"3";"37";"N";"S";"237"
"1126";"280";"3";"37";"N";"N";"238"
"1127";"640";"3";"37";"N";"N";"239"
"1128";"907";"3";"37";"N";"N";"240"
"1129";"637";"3";"37";"N";"S";"241"
"1130";"635";"3";"37";"N";"S";"242"
"1131";"641";"3";"37";"N";"N";"243"
"1132";"284";"3";"37";"N";"N";"244"
"1133";"908";"3";"37";"N";"N";"245"
"1134";"650";"3";"37";"N";"N";"246"
"1135";"77";"3";"37";"N";"S";"247"
"1136";"909";"3";"37";"N";"S";"248"
"1137";"315";"3";"37";"N";"S";"249"
"1138";"627";"3";"37";"N";"N";"250"
"1139";"42";"3";"37";"N";"N";"251"
"1140";"910";"3";"37";"N";"S";"252"
"1141";"1101";"4";"47";"N";"N";"21"
"1142";"912";"3";"37";"N";"S";"253"
"1143";"359";"3";"37";"N";"N";"254"
"1144";"628";"3";"37";"N";"N";"255"
"1145";"297";"3";"37";"N";"N";"256"
"1146";"639";"3";"37";"N";"N";"257"
"1147";"718";"3";"37";"N";"N";"258"
"1148";"619";"3";"37";"N";"N";"259"
"1149";"300";"3";"38";"N";"N";"260"
"1150";"339";"3";"38";"N";"S";"261"
"1151";"1137";"4";"47";"N";"N";"22"
"1152";"673";"3";"38";"N";"N";"262"
"1153";"913";"3";"38";"N";"N";"263"
"1154";"304";"3";"38";"N";"N";"264"
"1155";"675";"3";"38";"N";"N";"265"
"1156";"682";"3";"38";"N";"N";"266"
"1157";"674";"3";"38";"N";"N";"267"
"1158";"309";"3";"38";"N";"N";"268"
"1159";"311";"3";"38";"N";"N";"269"
"1160";"36";"3";"38";"N";"N";"270"
"1161";"347";"3";"38";"N";"S";"271"
"1162";"313";"3";"38";"N";"N";"272"
"1163";"314";"3";"38";"N";"N";"273"
"1164";"1080";"3";"38";"N";"N";"274"
"1165";"318";"3";"38";"N";"N";"275"
"1166";"683";"3";"38";"N";"N";"276"
"1167";"679";"3";"38";"N";"N";"277"
"1168";"1136";"4";"47";"N";"N";"23"
"1169";"915";"3";"38";"N";"N";"278"
"1170";"320";"3";"38";"N";"N";"279"
"1171";"323";"3";"38";"N";"S";"280"
"1172";"916";"3";"38";"N";"N";"281"
"1173";"324";"3";"38";"N";"N";"282"
"1174";"917";"3";"38";"N";"N";"283"
"1175";"325";"3";"38";"N";"N";"284"
"1176";"1135";"4";"48";"N";"N";"24"
"1177";"328";"3";"38";"N";"N";"285"
"1178";"330";"3";"38";"N";"N";"286"
"1179";"918";"3";"38";"N";"N";"287"
"1180";"331";"3";"38";"N";"N";"288"
"1181";"919";"3";"38";"N";"N";"289"
"1182";"685";"3";"38";"N";"N";"290"
"1183";"724";"3";"41";"N";"N";"291"
"1184";"1397";"4";"58";"N";"S";"25"
"1185";"477";"3";"41";"N";"N";"292"
"1186";"28";"3";"41";"N";"N";"293"
"1187";"499";"3";"41";"N";"N";"294"
"1188";"920";"3";"41";"N";"N";"295"
"1189";"921";"3";"41";"N";"S";"296"
"1190";"504";"3";"41";"N";"N";"297"
"1191";"481";"3";"41";"N";"N";"298"
"1192";"723";"3";"41";"N";"N";"299"
"1193";"75";"3";"41";"N";"N";"300"
"1194";"922";"3";"41";"N";"N";"301"
"1195";"485";"3";"41";"N";"N";"302"
"1196";"287";"3";"41";"N";"N";"303"
"1197";"509";"3";"41";"N";"N";"304"
"1198";"510";"3";"41";"N";"N";"305"
"1199";"78";"3";"41";"N";"S";"306"
"1200";"923";"3";"41";"N";"S";"307"
"1201";"513";"3";"41";"N";"N";"308"
"1202";"514";"3";"41";"N";"N";"309"
"1203";"390";"3";"41";"N";"N";"310"
"1204";"443";"3";"41";"N";"N";"311"
"1205";"46";"3";"41";"N";"S";"312"
"1206";"1138";"4";"47";"N";"N";"26"
"1207";"121";"3";"41";"N";"N";"313"
"1208";"52";"3";"41";"N";"S";"314"
"1209";"492";"3";"41";"N";"S";"315"
"1210";"523";"3";"41";"N";"N";"316"
"1211";"524";"3";"41";"N";"N";"317"
"1212";"493";"3";"41";"N";"N";"318"
"1213";"924";"3";"41";"N";"N";"319"
"1214";"672";"3";"41";"N";"N";"320"
"1215";"494";"3";"41";"N";"N";"321"
"1216";"925";"3";"41";"N";"N";"322"
"1217";"1067";"3";"37";"N";"N";"323"
"1218";"58";"3";"41";"N";"S";"324"
"1219";"96";"3";"41";"N";"S";"325"
"1220";"496";"3";"41";"N";"N";"326"
"1221";"99";"3";"42";"N";"N";"327"
"1222";"26";"3";"42";"N";"N";"328"
"1223";"64";"3";"42";"N";"S";"329"
"1224";"27";"3";"42";"N";"N";"330"
"1225";"66";"3";"42";"N";"N";"331"
"1226";"67";"3";"42";"N";"N";"332"
"1227";"29";"3";"42";"N";"N";"333"
"1228";"69";"3";"42";"N";"N";"334"
"1229";"468";"3";"42";"N";"N";"335"
"1230";"72";"3";"42";"N";"N";"336"
"1231";"76";"3";"42";"N";"N";"337"
"1232";"34";"3";"42";"N";"N";"338"
"1233";"927";"3";"42";"N";"N";"339"
"1234";"384";"3";"42";"N";"N";"340"
"1235";"39";"3";"42";"N";"N";"341"
"1236";"928";"3";"42";"N";"N";"342"
"1237";"1134";"4";"47";"N";"N";"27"
"1238";"465";"3";"42";"N";"S";"343"
"1239";"1133";"4";"47";"N";"N";"28"
"1240";"389";"3";"42";"N";"N";"344"
"1241";"472";"3";"42";"N";"N";"345"
"1242";"79";"3";"42";"N";"N";"346"
"1243";"81";"3";"42";"N";"N";"347"
"1244";"474";"3";"42";"N";"N";"348"
"1245";"48";"3";"42";"N";"N";"349"
"1246";"84";"3";"42";"N";"N";"350"
"1247";"87";"3";"42";"N";"N";"351"
"1248";"476";"3";"42";"N";"N";"352"
"1249";"90";"3";"42";"N";"N";"353"
"1250";"930";"3";"42";"N";"N";"354"
"1251";"54";"3";"42";"N";"N";"355"
"1252";"91";"3";"42";"N";"N";"356"
"1253";"931";"3";"42";"N";"N";"357"
"1254";"932";"3";"42";"N";"N";"358"
"1255";"92";"3";"42";"N";"N";"359"
"1256";"55";"3";"42";"N";"N";"360"
"1257";"94";"3";"42";"N";"N";"361"
"1258";"95";"3";"42";"N";"N";"362"
"1259";"933";"3";"43";"N";"S";"363"
"1260";"934";"3";"45";"N";"N";"364"
"1261";"1031";"3";"45";"N";"S";"365"
"1262";"1030";"3";"45";"N";"N";"366"
"1263";"935";"3";"43";"N";"S";"367"
"1264";"936";"3";"43";"N";"N";"368"
"1265";"1029";"3";"45";"N";"S";"369"
"1266";"231";"3";"43";"N";"N";"370"
"1267";"937";"3";"43";"N";"S";"371"
"1268";"1383";"4";"47";"N";"N";"29"
"1269";"1027";"3";"45";"N";"N";"372"
"1270";"218";"4";"57";"N";"S";"30"
"1271";"1024";"3";"45";"N";"N";"373"
"1272";"941";"3";"43";"N";"N";"374"
"1273";"1088";"3";"45";"N";"N";"375"
"1274";"1015";"3";"43";"N";"S";"376"
"1275";"1112";"4";"47";"N";"N";"31"
"1276";"1129";"4";"48";"N";"N";"32"
"1277";"1025";"3";"45";"N";"N";"377"
"1278";"261";"3";"43";"N";"N";"378"
"1279";"216";"3";"45";"N";"N";"379"
"1280";"1111";"4";"47";"N";"N";"33"
"1281";"1023";"3";"45";"N";"S";"380"
"1282";"945";"3";"43";"N";"N";"381"
"1283";"1022";"3";"45";"N";"N";"382"
"1284";"1110";"4";"47";"N";"S";"34"
"1285";"947";"3";"43";"N";"N";"383"
"1286";"503";"3";"45";"N";"N";"384"
"1287";"507";"3";"45";"N";"N";"385"
"1288";"950";"3";"43";"N";"N";"386"
"1289";"654";"3";"45";"N";"S";"387"
"1290";"952";"3";"43";"N";"N";"388"
"1291";"599";"3";"45";"N";"N";"389"
"1292";"954";"3";"43";"N";"N";"390"
"1293";"1020";"3";"45";"N";"N";"391"
"1294";"665";"3";"43";"N";"S";"392"
"1295";"240";"3";"43";"N";"N";"393"
"1296";"233";"3";"45";"N";"N";"394"
"1297";"221";"3";"43";"N";"N";"395"
"1298";"957";"3";"43";"N";"N";"396"
"1299";"958";"3";"43";"N";"N";"397"
"1300";"1016";"3";"43";"N";"N";"398"
"1301";"1096";"3";"43";"N";"N";"399"
"1302";"960";"3";"43";"N";"N";"400"
"1303";"1019";"3";"45";"N";"N";"401"
"1304";"454";"3";"43";"N";"S";"402"
"1305";"253";"3";"43";"N";"S";"403"
"1306";"281";"3";"45";"N";"N";"404"
"1307";"480";"3";"45";"N";"N";"405"
"1308";"964";"3";"43";"N";"S";"406"
"1309";"965";"3";"43";"N";"S";"407"
"1310";"702";"3";"44";"N";"N";"408"
"1311";"966";"3";"44";"N";"N";"409"
"1312";"1071";"3";"44";"N";"N";"410"
"1313";"967";"3";"44";"N";"S";"411"
"1314";"1070";"3";"44";"N";"N";"412"
"1315";"968";"3";"44";"N";"N";"413"
"1316";"969";"3";"44";"N";"N";"414"
"1317";"283";"3";"44";"N";"N";"415"
"1318";"656";"3";"44";"N";"N";"416"
"1319";"970";"3";"44";"N";"N";"417"
"1320";"659";"3";"44";"N";"N";"418"
"1321";"971";"3";"44";"N";"N";"419"
"1322";"264";"3";"44";"N";"N";"420"
"1323";"972";"3";"44";"N";"S";"421"
"1324";"973";"3";"44";"N";"S";"422"
"1325";"696";"3";"44";"N";"N";"423"
"1326";"974";"3";"44";"N";"N";"424"
"1327";"291";"3";"44";"N";"N";"425"
"1328";"975";"3";"44";"N";"N";"426"
"1329";"976";"3";"44";"N";"N";"427"
"1330";"977";"3";"44";"N";"N";"428"
"1331";"1384";"4";"47";"N";"N";"35"
"1332";"979";"3";"44";"N";"S";"429"
"1333";"980";"3";"44";"N";"S";"430"
"1334";"698";"3";"44";"N";"N";"431"
"1335";"269";"3";"44";"N";"N";"432"
"1336";"981";"3";"44";"N";"N";"433"
"1337";"660";"3";"44";"N";"N";"434"
"1338";"982";"3";"44";"N";"N";"435"
"1339";"296";"3";"44";"N";"N";"436"
"1340";"699";"3";"44";"N";"N";"437"
"1341";"983";"3";"44";"N";"S";"438"
"1342";"984";"3";"44";"N";"N";"439"
"1343";"272";"3";"44";"N";"N";"440"
"1344";"273";"3";"44";"N";"N";"441"
"1345";"661";"3";"44";"N";"N";"442"
"1346";"274";"3";"44";"N";"N";"443"
"1347";"986";"4";"47";"N";"N";"36"
"1348";"276";"3";"44";"N";"N";"444"
"1349";"473";"3";"42";"N";"N";"445"
"1350";"44";"3";"42";"N";"N";"446"
"1351";"986";"3";"31";"N";"S";"447"
"1352";"537";"3";"31";"N";"S";"448"
"1353";"987";"3";"31";"N";"S";"449"
"1354";"1131";"4";"48";"N";"S";"37"
"1355";"989";"3";"31";"N";"N";"450"
"1356";"990";"3";"31";"N";"N";"451"
"1357";"247";"4";"48";"N";"N";"38"
"1358";"1699";"3";"31";"N";"N";"452"
"1359";"993";"3";"31";"N";"N";"453"
"1360";"1125";"4";"47";"N";"S";"39"
"1361";"995";"3";"32";"N";"N";"454"
"1362";"996";"3";"32";"N";"N";"455"
"1363";"1119";"4";"47";"N";"N";"40"
"1364";"999";"3";"33";"N";"N";"456"
"1365";"1085";"3";"35";"N";"N";"457"
"1366";"1001";"3";"33";"N";"S";"458"
"1367";"549";"3";"33";"N";"N";"459"
"1368";"1002";"3";"33";"N";"S";"460"
"1369";"1006";"3";"34";"N";"N";"461"
"1370";"1008";"3";"34";"N";"N";"462"
"1371";"578";"3";"34";"N";"N";"463"
"1372";"1009";"3";"35";"N";"N";"464"
"1373";"209";"3";"35";"N";"N";"465"
"1374";"1010";"3";"35";"N";"S";"466"
"1375";"1011";"3";"35";"N";"N";"467"
"1376";"1012";"3";"35";"N";"S";"468"
"1377";"1014";"3";"43";"N";"N";"469"
"1378";"206";"3";"43";"N";"N";"470"
"1379";"1032";"3";"45";"N";"N";"471"
"1380";"1033";"3";"45";"N";"S";"472"
"1381";"1034";"3";"45";"N";"N";"473"
"1382";"244";"3";"45";"N";"S";"474"
"1383";"1035";"3";"45";"N";"N";"475"
"1384";"1036";"3";"39";"N";"S";"476"
"1385";"1041";"3";"39";"N";"S";"477"
"1386";"1042";"3";"39";"N";"S";"478"
"1387";"1043";"3";"40";"N";"S";"479"
"1388";"1104";"4";"48";"N";"N";"41"
"1389";"1044";"3";"40";"N";"S";"480"
"1390";"1045";"3";"40";"N";"N";"481"
"1391";"616";"3";"46";"N";"S";"482"
"1392";"1058";"3";"46";"N";"N";"483"
"1393";"241";"3";"46";"N";"N";"484"
"1394";"624";"3";"46";"N";"N";"485"
"1395";"1059";"3";"46";"N";"N";"486"
"1396";"1103";"4";"48";"N";"S";"42"
"1397";"1061";"3";"46";"N";"N";"487"
"1398";"1062";"3";"36";"N";"N";"488"
"1399";"1063";"3";"46";"N";"N";"489"
"1400";"1064";"3";"41";"N";"S";"490"
"1401";"1065";"3";"41";"N";"S";"491"
"1402";"1223";"3";"41";"N";"S";"492"
"1403";"623";"3";"37";"N";"N";"493"
"1404";"618";"3";"37";"N";"S";"494"
"1405";"1068";"3";"37";"N";"S";"495"
"1406";"1069";"3";"44";"N";"N";"496"
"1407";"255";"3";"44";"N";"N";"497"
"1408";"32";"3";"44";"N";"N";"498"
"1409";"664";"3";"44";"N";"N";"499"
"1410";"1072";"3";"44";"N";"N";"500"
"1411";"1073";"3";"44";"N";"N";"501"
"1412";"1074";"3";"44";"N";"N";"502"
"1413";"1075";"3";"44";"N";"S";"503"
"1414";"1076";"3";"44";"N";"N";"504"
"1415";"1077";"3";"38";"N";"N";"505"
"1416";"1078";"3";"38";"N";"N";"506"
"1417";"307";"3";"38";"N";"S";"507"
"1418";"1079";"3";"38";"N";"N";"508"
"1419";"68";"3";"42";"N";"N";"509"
"1420";"107";"3";"42";"N";"N";"510"
"1421";"471";"3";"42";"N";"N";"511"
"1422";"1081";"3";"42";"N";"N";"512"
"1423";"1082";"3";"42";"N";"N";"513"
"1424";"245";"3";"45";"N";"S";"514"
"1425";"299";"3";"40";"N";"N";"515"
"1426";"1083";"3";"32";"N";"S";"516"
"1427";"543";"3";"32";"N";"N";"517"
"1428";"1086";"3";"43";"N";"S";"518"
"1429";"1084";"3";"32";"N";"N";"519"
"1430";"545";"3";"32";"N";"N";"520"
"1431";"558";"3";"32";"N";"N";"521"
"1432";"652";"3";"40";"N";"S";"522"
"1433";"1128";"4";"47";"N";"N";"43"
"1434";"1091";"3";"44";"N";"N";"523"
"1435";"556";"3";"32";"N";"N";"524"
"1436";"220";"3";"36";"N";"N";"525"
"1437";"211";"3";"46";"N";"N";"526"
"1438";"1093";"3";"46";"N";"N";"527"
"1439";"1144";"4";"47";"N";"N";"44"
"1440";"1094";"3";"34";"N";"N";"528"
"1441";"1145";"4";"47";"N";"N";"45"
"1442";"1095";"3";"31";"N";"N";"529"
"1443";"1098";"3";"40";"N";"N";"530"
"1444";"1099";"3";"45";"N";"N";"531"
"1445";"1100";"3";"45";"N";"N";"532"
"1446";"995";"4";"49";"N";"N";"46"
"1447";"1146";"4";"47";"N";"N";"47"
"1448";"1147";"4";"47";"N";"N";"48"
"1449";"552";"4";"49";"N";"S";"49"
"1450";"1148";"4";"49";"N";"N";"50"
"1451";"730";"4";"48";"N";"N";"51"
"1452";"1149";"4";"47";"N";"S";"52"
"1453";"772";"4";"49";"N";"S";"53"
"1454";"1150";"4";"48";"N";"N";"54"
"1455";"1151";"4";"47";"N";"N";"55"
"1456";"1152";"4";"48";"N";"S";"56"
"1457";"996";"4";"49";"N";"N";"57"
"1458";"1388";"4";"48";"N";"N";"58"
"1459";"1154";"4";"50";"N";"S";"59"
"1460";"535";"4";"49";"N";"N";"60"
"1461";"546";"4";"49";"N";"N";"61"
"1462";"1156";"4";"50";"N";"N";"62"
"1463";"1157";"4";"49";"N";"N";"63"
"1464";"1158";"4";"50";"N";"S";"64"
"1465";"550";"4";"49";"N";"N";"65"
"1466";"989";"4";"48";"N";"N";"66"
"1467";"544";"4";"49";"N";"N";"67"
"1468";"733";"4";"48";"N";"N";"68"
"1469";"1159";"4";"50";"N";"N";"69"
"1470";"1389";"4";"48";"N";"N";"70"
"1471";"1161";"4";"49";"N";"N";"71"
"1472";"1162";"4";"50";"N";"S";"72"
"1473";"695";"5";"79";"N";"N";"1"
"1474";"1163";"4";"50";"N";"N";"73"
"1475";"990";"4";"48";"N";"N";"74"
"1476";"543";"4";"49";"N";"S";"75"
"1477";"555";"4";"49";"N";"N";"76"
"1478";"739";"4";"48";"N";"N";"77"
"1479";"1164";"4";"50";"N";"S";"78"
"1480";"1165";"4";"49";"N";"S";"79"
"1481";"776";"4";"49";"N";"N";"80"
"1482";"740";"4";"48";"N";"N";"81"
"1483";"568";"4";"49";"N";"N";"82"
"1484";"1166";"4";"49";"N";"N";"83"
"1485";"562";"4";"49";"N";"N";"84"
"1486";"556";"4";"49";"N";"N";"85"
"1487";"1168";"4";"50";"N";"N";"86"
"1488";"778";"4";"49";"N";"N";"87"
"1489";"1169";"4";"49";"N";"N";"88"
"1490";"1170";"4";"49";"N";"N";"89"
"1491";"445";"4";"50";"N";"N";"90"
"1492";"538";"4";"49";"N";"N";"91"
"1493";"1171";"4";"50";"N";"S";"92"
"1494";"549";"4";"49";"N";"N";"93"
"1495";"1172";"4";"49";"N";"N";"94"
"1496";"607";"4";"49";"N";"N";"95"
"1497";"565";"4";"50";"N";"N";"96"
"1498";"1173";"4";"49";"N";"S";"97"
"1499";"587";"4";"50";"N";"S";"98"
"1500";"288";"4";"50";"N";"N";"99"
"1501";"1174";"4";"49";"N";"S";"100"
"1502";"548";"4";"50";"N";"N";"101"
"1503";"1084";"4";"49";"N";"N";"102"
"1504";"545";"4";"49";"N";"N";"103"
"1505";"796";"4";"50";"N";"N";"104"
"1506";"558";"4";"49";"N";"N";"105"
"1507";"1085";"4";"57";"N";"N";"106"
"1508";"1177";"4";"49";"N";"N";"107"
"1509";"797";"4";"50";"N";"N";"108"
"1510";"1392";"4";"61";"N";"S";"109"
"1511";"1179";"4";"50";"N";"S";"110"
"1512";"1180";"4";"49";"N";"N";"111"
"1513";"999";"4";"50";"N";"N";"112"
"1514";"1181";"4";"49";"N";"N";"113"
"1515";"192";"4";"50";"N";"N";"114"
"1516";"1183";"4";"50";"N";"N";"115"
"1517";"1184";"4";"50";"N";"N";"116"
"1518";"1000";"4";"50";"N";"S";"117"
"1519";"1185";"4";"50";"N";"N";"118"
"1520";"1186";"4";"50";"N";"N";"119"
"1521";"800";"4";"50";"N";"N";"120"
"1522";"1187";"4";"50";"N";"N";"121"
"1523";"582";"4";"50";"N";"N";"122"
"1524";"1188";"4";"50";"N";"N";"123"
"1525";"1189";"4";"50";"N";"S";"124"
"1526";"604";"4";"50";"N";"N";"125"
"1527";"790";"4";"50";"N";"N";"126"
"1528";"791";"4";"50";"N";"N";"127"
"1529";"792";"4";"50";"N";"N";"128"
"1530";"1391";"4";"61";"N";"S";"129"
"1531";"601";"4";"50";"N";"N";"130"
"1532";"553";"4";"50";"N";"N";"131"
"1533";"1190";"4";"57";"N";"N";"132"
"1534";"845";"4";"57";"N";"S";"359"
"1535";"1416";"4";"57";"N";"S";"134"
"1536";"1380";"4";"51";"N";"N";"135"
"1537";"822";"4";"57";"N";"N";"136"
"1538";"1009";"4";"57";"N";"N";"137"
"1539";"1192";"4";"57";"N";"N";"138"
"1540";"1006";"4";"57";"N";"S";"139"
"1541";"1193";"4";"57";"N";"S";"140"
"1542";"807";"4";"57";"N";"N";"141"
"1543";"823";"4";"57";"N";"S";"142"
"1544";"1194";"4";"58";"N";"S";"143"
"1545";"824";"4";"57";"N";"N";"144"
"1546";"809";"4";"57";"N";"N";"145"
"1547";"1195";"4";"57";"N";"N";"146"
"1548";"1196";"4";"57";"N";"S";"147"
"1549";"589";"4";"57";"N";"N";"148"
"1550";"1198";"4";"57";"N";"S";"149"
"1551";"812";"4";"57";"N";"S";"150"
"1552";"1199";"4";"57";"N";"S";"151"
"1553";"572";"4";"57";"N";"N";"152"
"1554";"1200";"4";"57";"N";"S";"153"
"1555";"1201";"4";"57";"N";"N";"154"
"1556";"1202";"4";"51";"N";"N";"155"
"1557";"1203";"4";"57";"N";"N";"156"
"1558";"1415";"4";"61";"N";"S";"157"
"1559";"1205";"4";"57";"N";"S";"158"
"1560";"570";"4";"57";"N";"N";"159"
"1561";"1207";"4";"57";"N";"N";"160"
"1562";"1038";"4";"57";"N";"N";"161"
"1563";"1403";"4";"51";"N";"N";"162"
"1564";"1209";"4";"57";"N";"S";"163"
"1565";"1210";"4";"57";"N";"S";"164"
"1566";"1211";"4";"57";"N";"N";"165"
"1567";"1212";"4";"57";"N";"N";"166"
"1568";"1213";"4";"57";"N";"S";"167"
"1569";"1013";"4";"51";"N";"S";"551"
"1570";"1036";"4";"58";"N";"S";"169"
"1571";"522";"4";"51";"N";"N";"170"
"1572";"1214";"4";"58";"N";"S";"171"
"1573";"1215";"4";"58";"N";"S";"172"
"1574";"1216";"4";"58";"N";"N";"173"
"1575";"209";"4";"58";"N";"N";"174"
"1576";"1217";"4";"58";"N";"N";"175"
"1577";"652";"4";"58";"N";"S";"176"
"1578";"1218";"4";"58";"N";"S";"177"
"1579";"1219";"4";"58";"N";"N";"178"
"1580";"189";"4";"58";"N";"N";"179"
"1581";"1220";"4";"58";"N";"N";"180"
"1582";"1221";"4";"58";"N";"N";"181"
"1583";"1031";"4";"51";"N";"N";"182"
"1584";"1223";"4";"58";"N";"N";"183"
"1585";"38";"4";"58";"N";"N";"184"
"1586";"511";"4";"58";"N";"S";"185"
"1587";"1224";"4";"58";"N";"N";"186"
"1588";"236";"4";"58";"N";"N";"187"
"1589";"1225";"4";"58";"N";"S";"188"
"1590";"1226";"4";"58";"N";"S";"189"
"1591";"875";"4";"58";"N";"S";"190"
"1592";"833";"4";"58";"N";"S";"191"
"1593";"1227";"4";"58";"N";"S";"192"
"1594";"1228";"4";"58";"N";"S";"193"
"1595";"1041";"4";"58";"N";"N";"194"
"1596";"1229";"4";"58";"N";"N";"195"
"1597";"862";"4";"58";"N";"S";"196"
"1598";"1401";"4";"51";"N";"N";"197"
"1599";"838";"4";"59";"N";"S";"198"
"1600";"867";"4";"59";"N";"N";"199"
"1601";"841";"4";"59";"N";"N";"200"
"1602";"869";"4";"59";"N";"N";"201"
"1603";"606";"4";"59";"N";"S";"202"
"1604";"870";"4";"59";"N";"N";"203"
"1605";"846";"4";"59";"N";"N";"204"
"1606";"35";"4";"59";"N";"S";"205"
"1607";"605";"4";"59";"N";"S";"206"
"1608";"1098";"4";"59";"N";"S";"207"
"1609";"37";"4";"59";"N";"N";"208"
"1610";"848";"4";"59";"N";"N";"209"
"1611";"509";"4";"59";"N";"S";"210"
"1612";"62";"4";"59";"N";"S";"211"
"1613";"1231";"4";"59";"N";"S";"212"
"1614";"1045";"4";"59";"N";"N";"213"
"1615";"265";"4";"59";"N";"S";"214"
"1616";"518";"4";"59";"N";"N";"215"
"1617";"1232";"4";"59";"N";"N";"216"
"1618";"876";"4";"59";"N";"S";"217"
"1619";"1040";"4";"59";"N";"N";"218"
"1620";"858";"4";"59";"N";"N";"219"
"1621";"78";"4";"59";"N";"S";"220"
"1622";"451";"4";"59";"N";"S";"221"
"1623";"859";"4";"59";"N";"N";"222"
"1624";"879";"4";"59";"N";"S";"223"
"1625";"1233";"4";"59";"N";"S";"224"
"1626";"860";"4";"59";"N";"N";"225"
"1627";"299";"4";"59";"N";"N";"226"
"1628";"526";"4";"59";"N";"S";"227"
"1629";"58";"4";"59";"N";"S";"228"
"1630";"1016";"4";"53";"N";"N";"229"
"1631";"957";"4";"53";"N";"N";"230"
"1632";"240";"4";"53";"N";"N";"231"
"1633";"954";"4";"53";"N";"N";"232"
"1634";"1293";"4";"53";"N";"N";"233"
"1635";"952";"4";"53";"N";"N";"234"
"1636";"1292";"4";"53";"N";"N";"235"
"1637";"950";"4";"53";"N";"N";"236"
"1638";"947";"4";"53";"N";"N";"237"
"1639";"945";"4";"53";"N";"N";"238"
"1640";"1291";"4";"53";"N";"N";"239"
"1641";"1290";"4";"53";"N";"N";"240"
"1642";"261";"4";"53";"N";"N";"241"
"1643";"941";"4";"53";"N";"N";"242"
"1644";"1382";"4";"61";"N";"S";"243"
"1645";"1288";"4";"53";"N";"N";"244"
"1646";"1286";"4";"53";"N";"N";"245"
"1647";"1285";"4";"53";"N";"N";"246"
"1648";"1284";"4";"53";"N";"N";"247"
"1649";"231";"4";"53";"N";"N";"248"
"1650";"936";"4";"53";"N";"N";"249"
"1651";"1283";"4";"53";"N";"N";"250"
"1652";"206";"4";"53";"N";"N";"251"
"1653";"1405";"4";"53";"N";"S";"252"
"1654";"1097";"4";"53";"N";"N";"253"
"1655";"1096";"4";"53";"N";"N";"254"
"1656";"1014";"4";"53";"N";"N";"255"
"1657";"727";"4";"48";"N";"N";"256"
"1658";"1699";"4";"48";"N";"N";"257"
"1659";"759";"4";"48";"N";"N";"258"
"1660";"742";"4";"48";"N";"N";"259"
"1661";"1238";"4";"48";"N";"N";"260"
"1662";"750";"4";"48";"N";"S";"261"
"1663";"1240";"4";"48";"N";"S";"262"
"1664";"1241";"4";"48";"N";"N";"263"
"1665";"1395";"4";"61";"N";"S";"264"
"1666";"1243";"4";"48";"N";"S";"265"
"1667";"1244";"4";"48";"N";"N";"266"
"1668";"1394";"4";"61";"N";"S";"267"
"1669";"753";"4";"48";"N";"N";"268"
"1670";"1246";"4";"48";"N";"N";"269"
"1671";"754";"4";"48";"N";"N";"270"
"1672";"1247";"4";"48";"N";"N";"271"
"1673";"755";"4";"48";"N";"S";"272"
"1674";"993";"4";"48";"N";"S";"273"
"1675";"1248";"4";"48";"N";"N";"274"
"1676";"1393";"4";"61";"N";"S";"275"
"1677";"757";"4";"48";"N";"N";"276"
"1678";"1402";"4";"51";"N";"N";"277"
"1679";"1086";"4";"51";"N";"S";"278"
"1680";"1250";"4";"51";"N";"N";"279"
"1681";"1251";"4";"51";"N";"S";"280"
"1682";"1252";"4";"51";"N";"N";"281"
"1683";"721";"4";"51";"N";"N";"282"
"1684";"884";"4";"51";"N";"S";"283"
"1685";"1255";"4";"51";"N";"N";"284"
"1686";"1256";"4";"51";"N";"S";"285"
"1687";"1257";"4";"51";"N";"N";"286"
"1688";"1258";"4";"51";"N";"N";"287"
"1689";"1259";"4";"51";"N";"S";"288"
"1690";"1260";"4";"51";"N";"N";"289"
"1691";"1261";"4";"51";"N";"N";"290"
"1692";"1262";"4";"51";"N";"S";"291"
"1693";"611";"4";"51";"N";"N";"292"
"1694";"1378";"4";"51";"N";"N";"293"
"1695";"1265";"4";"51";"N";"N";"294"
"1696";"1266";"4";"51";"N";"N";"295"
"1697";"1267";"4";"51";"N";"N";"296"
"1698";"1419";"4";"51";"N";"N";"297"
"1699";"1269";"4";"51";"N";"S";"298"
"1700";"263";"4";"51";"N";"N";"299"
"1701";"1270";"4";"51";"N";"N";"300"
"1702";"1271";"4";"51";"N";"S";"301"
"1703";"1272";"4";"51";"N";"S";"302"
"1704";"1273";"4";"51";"N";"N";"303"
"1705";"1274";"4";"51";"N";"N";"304"
"1706";"1275";"4";"57";"N";"S";"305"
"1707";"1276";"4";"51";"N";"N";"306"
"1708";"1277";"4";"51";"N";"S";"307"
"1709";"1278";"4";"51";"N";"S";"308"
"1710";"244";"4";"51";"N";"N";"309"
"1711";"1379";"4";"51";"N";"S";"310"
"1712";"836";"4";"51";"N";"N";"311"
"1713";"851";"4";"51";"N";"S";"312"
"1714";"1281";"4";"51";"N";"S";"313"
"1715";"221";"4";"53";"N";"N";"314"
"1716";"327";"4";"53";"N";"N";"315"
"1717";"960";"4";"53";"N";"N";"316"
"1718";"1381";"4";"53";"N";"S";"317"
"1719";"1406";"4";"53";"N";"N";"318"
"1720";"630";"4";"61";"N";"N";"319"
"1721";"934";"4";"54";"N";"N";"320"
"1722";"480";"4";"54";"N";"N";"321"
"1723";"1296";"4";"54";"N";"N";"322"
"1724";"301";"4";"54";"N";"N";"323"
"1725";"281";"4";"54";"N";"N";"324"
"1726";"1297";"4";"54";"N";"N";"325"
"1727";"233";"4";"54";"N";"N";"326"
"1728";"1020";"4";"54";"N";"N";"327"
"1729";"599";"4";"54";"N";"N";"328"
"1730";"507";"4";"54";"N";"S";"329"
"1731";"1299";"4";"54";"N";"N";"330"
"1732";"1300";"4";"54";"N";"N";"331"
"1733";"503";"4";"54";"N";"N";"332"
"1734";"1301";"4";"54";"N";"N";"333"
"1735";"1302";"4";"54";"N";"N";"334"
"1736";"1303";"4";"54";"N";"N";"335"
"1737";"1418";"4";"55";"N";"N";"336"
"1738";"1024";"4";"54";"N";"N";"337"
"1739";"1025";"4";"54";"N";"N";"338"
"1740";"1027";"4";"54";"N";"N";"339"
"1741";"1305";"4";"54";"N";"N";"340"
"1742";"1306";"4";"54";"N";"N";"341"
"1743";"1307";"4";"54";"N";"N";"342"
"1744";"1308";"4";"54";"N";"N";"343"
"1745";"1088";"4";"54";"N";"N";"344"
"1746";"1294";"4";"54";"N";"N";"345"
"1747";"1309";"4";"54";"N";"N";"346"
"1748";"1032";"4";"54";"N";"N";"347"
"1749";"1417";"4";"55";"N";"N";"348"
"1750";"1412";"4";"58";"N";"S";"349"
"1751";"647";"4";"64";"N";"N";"350"
"1752";"334";"4";"64";"N";"N";"351"
"1753";"634";"4";"64";"N";"N";"352"
"1754";"629";"4";"64";"N";"N";"353"
"1755";"620";"4";"64";"N";"N";"354"
"1756";"280";"4";"64";"N";"N";"355"
"1757";"907";"4";"64";"N";"N";"356"
"1758";"1310";"4";"64";"N";"N";"357"
"1759";"1067";"4";"64";"N";"N";"358"
"1760";"845";"4";"58";"N";"S";"359"
"1761";"1311";"4";"64";"N";"N";"360"
"1762";"641";"4";"64";"N";"N";"361"
"1763";"284";"4";"64";"N";"N";"362"
"1764";"623";"4";"64";"N";"N";"363"
"1765";"908";"4";"64";"N";"N";"364"
"1766";"650";"4";"64";"N";"N";"365"
"1767";"226";"4";"63";"N";"N";"366"
"1768";"359";"4";"64";"N";"N";"367"
"1769";"1312";"4";"64";"N";"N";"368"
"1770";"628";"4";"64";"N";"N";"369"
"1771";"1313";"4";"64";"N";"N";"370"
"1772";"1314";"4";"64";"N";"N";"371"
"1773";"297";"4";"64";"N";"N";"372"
"1774";"639";"4";"64";"N";"N";"373"
"1775";"718";"4";"64";"N";"N";"374"
"1776";"619";"4";"64";"N";"N";"375"
"1777";"1421";"5";"67";"N";"N";"2"
"1778";"477";"4";"60";"N";"N";"376"
"1779";"499";"4";"60";"N";"N";"377"
"1780";"920";"4";"60";"N";"N";"378"
"1781";"481";"4";"60";"N";"N";"379"
"1782";"723";"4";"60";"N";"N";"380"
"1783";"75";"4";"60";"N";"N";"381"
"1784";"922";"4";"60";"N";"N";"382"
"1785";"485";"4";"60";"N";"N";"383"
"1786";"287";"4";"60";"N";"N";"384"
"1787";"1316";"4";"60";"N";"N";"385"
"1788";"510";"4";"60";"N";"N";"386"
"1789";"513";"4";"60";"N";"N";"387"
"1790";"1411";"4";"54";"N";"S";"388"
"1791";"1410";"4";"56";"N";"N";"389"
"1792";"443";"4";"60";"N";"N";"390"
"1793";"121";"4";"60";"N";"N";"391"
"1794";"1317";"4";"60";"N";"S";"392"
"1795";"523";"4";"60";"N";"N";"393"
"1796";"524";"4";"60";"N";"N";"394"
"1797";"493";"4";"60";"N";"S";"395"
"1798";"924";"4";"60";"N";"N";"396"
"1799";"1318";"4";"60";"N";"S";"397"
"1800";"672";"4";"60";"N";"N";"398"
"1801";"1030";"4";"54";"N";"N";"399"
"1802";"925";"4";"60";"N";"N";"400"
"1803";"1319";"4";"60";"N";"N";"401"
"1804";"94";"4";"60";"N";"N";"402"
"1805";"96";"4";"60";"N";"S";"403"
"1806";"496";"4";"60";"N";"N";"404"
"1807";"1069";"4";"55";"N";"N";"405"
"1808";"1070";"4";"55";"N";"N";"406"
"1809";"32";"4";"55";"N";"N";"407"
"1810";"968";"4";"55";"N";"N";"408"
"1811";"347";"4";"55";"N";"N";"409"
"1812";"970";"4";"55";"N";"N";"410"
"1813";"1320";"4";"55";"N";"S";"411"
"1814";"664";"4";"55";"N";"N";"412"
"1815";"264";"4";"55";"N";"N";"413"
"1816";"696";"4";"55";"N";"N";"414"
"1817";"1321";"4";"55";"N";"N";"415"
"1818";"291";"4";"55";"N";"N";"416"
"1819";"1322";"4";"55";"N";"S";"417"
"1820";"976";"4";"55";"N";"N";"418"
"1821";"745";"4";"47";"N";"N";"419"
"1822";"977";"4";"55";"N";"N";"420"
"1823";"1324";"4";"55";"N";"N";"421"
"1824";"904";"4";"63";"N";"N";"422"
"1825";"1326";"4";"55";"N";"N";"423"
"1826";"1072";"4";"55";"N";"N";"424"
"1827";"1327";"4";"55";"N";"N";"425"
"1828";"1094";"4";"61";"N";"N";"426"
"1829";"660";"4";"55";"N";"N";"427"
"1830";"1073";"4";"55";"N";"N";"428"
"1831";"699";"4";"55";"N";"N";"429"
"1832";"1074";"4";"55";"N";"N";"430"
"1833";"1407";"4";"56";"N";"N";"431"
"1834";"1329";"4";"55";"N";"N";"432"
"1835";"276";"4";"55";"N";"N";"433"
"1836";"1408";"4";"47";"N";"S";"434"
"1837";"702";"4";"56";"N";"N";"435"
"1838";"1331";"4";"56";"N";"S";"436"
"1839";"255";"4";"56";"N";"N";"437"
"1840";"1071";"4";"56";"N";"N";"438"
"1841";"1332";"4";"56";"N";"S";"439"
"1842";"1091";"4";"56";"N";"N";"440"
"1843";"283";"4";"56";"N";"N";"441"
"1844";"969";"4";"56";"N";"N";"442"
"1845";"656";"4";"56";"N";"N";"443"
"1846";"1409";"4";"47";"N";"N";"444"
"1847";"659";"4";"56";"N";"N";"445"
"1848";"971";"4";"56";"N";"N";"446"
"1849";"974";"4";"56";"N";"N";"447"
"1850";"1334";"4";"56";"N";"S";"448"
"1851";"1335";"4";"56";"N";"N";"449"
"1852";"975";"4";"56";"N";"N";"450"
"1853";"450";"4";"63";"N";"N";"451"
"1854";"1337";"4";"56";"N";"N";"452"
"1855";"1338";"4";"56";"N";"N";"453"
"1856";"698";"4";"56";"N";"N";"454"
"1857";"981";"4";"56";"N";"N";"455"
"1858";"296";"4";"56";"N";"N";"456"
"1859";"1339";"4";"56";"N";"S";"457"
"1860";"273";"4";"56";"N";"N";"458"
"1861";"272";"4";"56";"N";"N";"459"
"1862";"661";"4";"56";"N";"N";"460"
"1863";"1340";"4";"56";"N";"N";"461"
"1864";"1341";"4";"56";"N";"N";"462"
"1865";"1076";"4";"56";"N";"S";"463"
"1866";"1342";"4";"61";"N";"N";"464"
"1867";"227";"4";"61";"N";"N";"465"
"1868";"1343";"4";"61";"N";"N";"466"
"1869";"840";"4";"61";"N";"N";"467"
"1870";"1344";"4";"61";"N";"S";"468"
"1871";"805";"4";"61";"N";"N";"469"
"1872";"1345";"4";"61";"N";"S";"470"
"1873";"1346";"4";"61";"N";"N";"471"
"1874";"1347";"4";"61";"N";"N";"472"
"1875";"1348";"4";"61";"N";"N";"473"
"1876";"716";"4";"61";"N";"N";"474"
"1877";"887";"4";"61";"N";"S";"475"
"1878";"1349";"4";"61";"N";"N";"476"
"1879";"1350";"4";"61";"N";"S";"477"
"1880";"1351";"4";"61";"N";"N";"478"
"1881";"1352";"4";"61";"N";"S";"479"
"1882";"588";"4";"61";"N";"N";"480"
"1883";"814";"4";"61";"N";"N";"481"
"1884";"1268";"4";"61";"N";"N";"482"
"1885";"1354";"4";"61";"N";"S";"483"
"1886";"578";"4";"61";"N";"N";"484"
"1887";"514";"4";"60";"N";"S";"485"
"1888";"1355";"4";"61";"N";"N";"486"
"1889";"895";"4";"61";"N";"S";"487"
"1890";"1356";"4";"61";"N";"N";"488"
"1891";"832";"4";"61";"N";"N";"489"
"1892";"194";"4";"61";"N";"N";"490"
"1893";"1358";"4";"61";"N";"N";"491"
"1894";"1050";"4";"57";"N";"N";"492"
"1895";"638";"4";"61";"N";"N";"493"
"1896";"1360";"4";"61";"N";"N";"494"
"1897";"268";"4";"61";"N";"S";"495"
"1898";"857";"4";"61";"N";"N";"496"
"1899";"1361";"4";"61";"N";"N";"497"
"1900";"711";"4";"61";"N";"N";"498"
"1901";"223";"4";"61";"N";"N";"499"
"1902";"712";"4";"61";"N";"N";"500"
"1903";"1362";"4";"61";"N";"S";"501"
"1904";"1363";"4";"61";"N";"N";"502"
"1905";"1364";"4";"61";"N";"N";"503"
"1906";"245";"4";"61";"N";"N";"504"
"1907";"1365";"4";"61";"N";"S";"505"
"1908";"277";"4";"63";"N";"N";"506"
"1909";"695";"4";"63";"N";"N";"507"
"1910";"640";"4";"63";"N";"N";"508"
"1911";"1052";"4";"63";"N";"N";"509"
"1912";"1053";"4";"63";"N";"N";"510"
"1913";"211";"4";"63";"N";"N";"511"
"1914";"447";"4";"63";"N";"N";"512"
"1915";"891";"4";"63";"N";"N";"513"
"1916";"449";"4";"63";"N";"N";"514"
"1917";"1366";"4";"63";"N";"N";"515"
"1918";"594";"4";"63";"N";"N";"516"
"1919";"1367";"4";"63";"N";"N";"517"
"1920";"592";"4";"63";"N";"N";"518"
"1921";"892";"4";"63";"N";"N";"519"
"1922";"909";"4";"63";"N";"N";"520"
"1923";"235";"4";"63";"N";"N";"521"
"1924";"1368";"4";"63";"N";"S";"522"
"1925";"912";"4";"63";"N";"N";"523"
"1926";"1093";"4";"63";"N";"S";"524"
"1927";"294";"4";"63";"N";"N";"525"
"1928";"1056";"4";"63";"N";"N";"526"
"1929";"1057";"4";"63";"N";"N";"527"
"1930";"898";"4";"63";"N";"S";"528"
"1931";"220";"4";"63";"N";"N";"529"
"1932";"714";"4";"63";"N";"N";"530"
"1933";"1369";"4";"63";"N";"S";"531"
"1934";"1058";"4";"63";"N";"N";"532"
"1935";"1370";"4";"63";"N";"N";"533"
"1936";"1059";"4";"63";"N";"N";"534"
"1937";"224";"4";"63";"N";"N";"535"
"1938";"225";"4";"63";"N";"N";"536"
"1939";"1061";"4";"63";"N";"N";"537"
"1940";"1371";"4";"63";"N";"N";"538"
"1941";"906";"4";"63";"N";"N";"539"
"1942";"1398";"4";"58";"N";"S";"540"
"1943";"534";"4";"49";"N";"N";"541"
"1944";"818";"4";"57";"N";"N";"542"
"1945";"1413";"4";"58";"N";"S";"543"
"1946";"1008";"4";"58";"N";"S";"544"
"1947";"1377";"4";"57";"N";"S";"545"
"1948";"51";"4";"58";"N";"S";"546"
"1949";"837";"4";"51";"N";"S";"547"
"1950";"1385";"4";"47";"N";"S";"548"
"1951";"1386";"4";"47";"N";"N";"549"
"1952";"1404";"4";"51";"N";"N";"550"
"1953";"1013";"4";"58";"N";"S";"551"
"1954";"275";"4";"51";"N";"N";"552"
"1955";"1609";"5";"71";"N";"S";"3"
"1956";"1110";"5";"67";"N";"N";"4"
"1957";"1608";"5";"71";"N";"S";"5"
"1958";"1424";"5";"67";"N";"N";"6"
"1959";"1607";"5";"71";"N";"S";"7"
"1960";"1605";"5";"71";"N";"N";"8"
"1961";"1604";"5";"71";"N";"S";"9"
"1962";"1531";"5";"67";"N";"N";"10"
"1963";"1119";"5";"67";"N";"S";"11"
"1964";"1529";"5";"67";"N";"S";"12"
"1965";"1244";"5";"80";"N";"N";"13"
"1966";"1527";"5";"67";"N";"N";"14"
"1967";"1526";"5";"67";"N";"S";"15"
"1968";"1525";"5";"67";"N";"N";"16"
"1969";"1524";"5";"67";"N";"S";"17"
"1970";"1425";"5";"67";"N";"N";"18"
"1971";"1426";"5";"67";"N";"N";"19"
"1972";"1427";"5";"67";"N";"N";"20"
"1973";"1428";"5";"67";"N";"N";"21"
"1974";"1523";"5";"67";"N";"N";"22"
"1975";"752";"5";"67";"N";"N";"23"
"1976";"1661";"5";"68";"N";"S";"24"
"1977";"1530";"5";"67";"N";"N";"25"
"1978";"730";"5";"69";"N";"N";"26"
"1979";"986";"5";"68";"N";"N";"27"
"1980";"1585";"5";"83";"N";"S";"28"
"1981";"880";"5";"83";"N";"S";"29"
"1982";"1584";"5";"83";"N";"N";"30"
"1983";"1105";"5";"68";"N";"N";"31"
"1984";"1107";"5";"68";"N";"N";"32"
"1985";"1582";"5";"83";"N";"N";"33"
"1986";"1112";"5";"68";"N";"N";"34"
"1987";"1084";"5";"83";"N";"N";"35"
"1988";"1581";"5";"83";"N";"N";"36"
"1989";"1114";"5";"68";"N";"N";"37"
"1990";"1580";"5";"83";"N";"N";"38"
"1991";"1118";"5";"68";"N";"S";"39"
"1992";"796";"5";"83";"N";"N";"40"
"1993";"1429";"5";"68";"N";"N";"41"
"1994";"741";"5";"68";"N";"S";"42"
"1995";"1578";"5";"83";"N";"N";"43"
"1996";"1147";"5";"68";"N";"N";"44"
"1997";"1133";"5";"68";"N";"N";"45"
"1998";"1134";"5";"68";"N";"N";"46"
"1999";"1136";"5";"68";"N";"N";"47"
"2000";"1137";"5";"68";"N";"N";"48"
"2001";"1273";"5";"83";"N";"N";"49"
"2002";"1577";"5";"83";"N";"S";"50"
"2003";"1576";"5";"83";"N";"N";"51"
"2004";"1142";"5";"68";"N";"N";"52"
"2005";"1575";"5";"70";"N";"N";"53"
"2006";"1188";"5";"73";"N";"S";"54"
"2007";"1145";"5";"68";"N";"S";"55"
"2008";"579";"5";"68";"N";"N";"56"
"2009";"1430";"5";"68";"N";"N";"57"
"2010";"1431";"5";"68";"N";"N";"58"
"2011";"1187";"5";"73";"N";"S";"59"
"2012";"669";"5";"73";"N";"S";"60"
"2013";"1627";"5";"68";"N";"S";"61"
"2014";"800";"5";"73";"N";"N";"62"
"2015";"1664";"5";"80";"N";"N";"63"
"2016";"247";"5";"80";"N";"S";"64"
"2017";"1532";"5";"69";"N";"S";"65"
"2018";"1547";"5";"80";"N";"N";"66"
"2019";"1150";"5";"69";"N";"S";"67"
"2020";"1553";"5";"80";"N";"S";"68"
"2021";"773";"5";"80";"N";"N";"69"
"2022";"192";"5";"80";"N";"N";"70"
"2023";"1153";"5";"69";"N";"N";"71"
"2024";"1552";"5";"80";"N";"N";"72"
"2025";"733";"5";"69";"N";"N";"73"
"2026";"1551";"5";"80";"N";"S";"74"
"2027";"1699";"5";"80";"N";"N";"75"
"2028";"740";"5";"69";"N";"N";"76"
"2029";"739";"5";"80";"N";"N";"77"
"2030";"742";"5";"69";"N";"N";"78"
"2031";"1541";"5";"77";"N";"N";"79"
"2032";"782";"5";"69";"N";"N";"80"
"2033";"734";"5";"80";"N";"S";"81"
"2034";"1012";"5";"69";"N";"N";"82"
"2035";"1663";"5";"80";"N";"N";"83"
"2036";"1248";"5";"69";"N";"N";"84"
"2037";"1550";"5";"80";"N";"S";"85"
"2038";"1434";"5";"69";"N";"N";"86"
"2039";"1164";"5";"80";"N";"N";"87"
"2040";"1538";"5";"69";"N";"S";"88"
"2041";"1549";"5";"80";"N";"S";"89"
"2042";"754";"5";"69";"N";"N";"90"
"2043";"1540";"5";"77";"N";"N";"91"
"2044";"1183";"5";"73";"N";"N";"92"
"2045";"1571";"5";"73";"N";"N";"93"
"2046";"999";"5";"73";"N";"N";"94"
"2047";"1676";"5";"71";"N";"N";"95"
"2048";"1436";"5";"69";"N";"S";"96"
"2049";"1601";"5";"73";"N";"N";"97"
"2050";"1569";"5";"73";"N";"S";"98"
"2051";"1437";"5";"69";"N";"N";"99"
"2052";"1667";"5";"77";"N";"S";"100"
"2053";"1568";"5";"73";"N";"S";"101"
"2054";"1631";"5";"69";"N";"N";"102"
"2055";"1566";"5";"73";"N";"S";"103"
"2056";"548";"5";"73";"N";"N";"104"
"2057";"1565";"5";"73";"N";"N";"105"
"2058";"1564";"5";"73";"N";"N";"106"
"2059";"1438";"5";"69";"N";"N";"107"
"2060";"553";"5";"73";"N";"N";"108"
"2061";"1630";"5";"69";"N";"N";"109"
"2062";"445";"5";"73";"N";"N";"110"
"2063";"565";"5";"73";"N";"N";"111"
"2064";"1157";"5";"80";"N";"S";"112"
"2065";"587";"5";"69";"N";"S";"113"
"2066";"990";"5";"69";"N";"N";"114"
"2067";"727";"5";"69";"N";"N";"115"
"2068";"726";"5";"69";"N";"N";"116"
"2069";"972";"5";"71";"N";"N";"117"
"2070";"1602";"5";"71";"N";"N";"118"
"2071";"1588";"5";"70";"N";"S";"119"
"2072";"1587";"5";"70";"N";"S";"120"
"2073";"1586";"5";"70";"N";"S";"121"
"2074";"721";"5";"83";"N";"N";"122"
"2075";"1439";"5";"83";"N";"N";"123"
"2076";"791";"5";"70";"N";"N";"124"
"2077";"1168";"5";"70";"N";"N";"125"
"2078";"792";"5";"70";"N";"S";"126"
"2079";"1638";"5";"70";"N";"S";"127"
"2080";"1440";"5";"83";"N";"N";"128"
"2081";"1590";"5";"70";"N";"N";"129"
"2082";"1597";"5";"78";"N";"N";"130"
"2083";"1596";"5";"84";"N";"N";"131"
"2084";"1441";"5";"83";"N";"S";"132"
"2085";"1442";"5";"83";"N";"S";"133"
"2086";"1591";"5";"83";"N";"N";"134"
"2087";"607";"5";"70";"N";"N";"135"
"2088";"558";"5";"70";"N";"N";"136"
"2089";"545";"5";"70";"N";"N";"137"
"2090";"1595";"5";"84";"N";"N";"138"
"2091";"1594";"5";"84";"N";"N";"139"
"2092";"594";"5";"84";"N";"N";"140"
"2093";"1593";"5";"84";"N";"N";"141"
"2094";"1051";"5";"84";"N";"N";"142"
"2095";"1401";"5";"71";"N";"N";"143"
"2096";"231";"5";"71";"N";"N";"144"
"2097";"1255";"5";"71";"N";"N";"145"
"2098";"1257";"5";"71";"N";"N";"146"
"2099";"1491";"5";"71";"N";"N";"147"
"2100";"1258";"5";"71";"N";"N";"148"
"2101";"1261";"5";"71";"N";"N";"149"
"2102";"263";"5";"71";"N";"N";"150"
"2103";"1490";"5";"71";"N";"N";"151"
"2104";"1489";"5";"71";"N";"N";"152"
"2105";"1488";"5";"71";"N";"N";"153"
"2106";"1378";"5";"71";"N";"N";"154"
"2107";"1265";"5";"71";"N";"N";"155"
"2108";"1443";"5";"71";"N";"N";"156"
"2109";"1266";"5";"71";"N";"S";"157"
"2110";"857";"5";"71";"N";"N";"158"
"2112";"1270";"5";"71";"N";"N";"159"
"2113";"979";"5";"71";"N";"N";"160"
"2114";"1492";"5";"71";"N";"N";"161"
"2115";"1274";"5";"71";"N";"N";"162"
"2116";"1419";"5";"71";"N";"S";"163"
"2117";"522";"5";"71";"N";"N";"164"
"2118";"1403";"5";"71";"N";"N";"165"
"2119";"1444";"5";"71";"N";"N";"166"
"2120";"1031";"5";"71";"N";"N";"167"
"2121";"1380";"5";"71";"N";"N";"168"
"2122";"1014";"5";"72";"N";"N";"169"
"2123";"1096";"5";"72";"N";"N";"170"
"2124";"1097";"5";"72";"N";"N";"171"
"2125";"1507";"5";"81";"N";"N";"172"
"2126";"206";"5";"72";"N";"N";"173"
"2127";"480";"5";"81";"N";"N";"174"
"2128";"936";"5";"72";"N";"N";"175"
"2129";"1284";"5";"72";"N";"S";"176"
"2130";"1285";"5";"72";"N";"N";"177"
"2131";"1288";"5";"72";"N";"S";"178"
"2132";"1500";"5";"72";"N";"N";"179"
"2133";"261";"5";"72";"N";"N";"180"
"2134";"1290";"5";"72";"N";"N";"181"
"2135";"1406";"5";"72";"N";"N";"182"
"2136";"950";"5";"72";"N";"N";"183"
"2137";"1291";"5";"72";"N";"S";"184"
"2138";"1351";"5";"78";"N";"N";"185"
"2139";"716";"5";"78";"N";"S";"186"
"2140";"1292";"5";"72";"N";"N";"187"
"2141";"294";"5";"72";"N";"N";"188"
"2142";"952";"5";"72";"N";"N";"189"
"2143";"954";"5";"72";"N";"N";"190"
"2144";"240";"5";"72";"N";"N";"191"
"2145";"957";"5";"72";"N";"N";"192"
"2146";"1016";"5";"72";"N";"N";"193"
"2147";"221";"5";"72";"N";"N";"194"
"2148";"327";"5";"72";"N";"N";"195"
"2149";"1501";"5";"72";"N";"N";"196"
"2150";"960";"5";"72";"N";"N";"197"
"2151";"1672";"5";"72";"N";"S";"198"
"2152";"1503";"5";"81";"N";"N";"199"
"2153";"934";"5";"81";"N";"N";"200"
"2154";"1296";"5";"81";"N";"S";"201"
"2155";"301";"5";"81";"N";"N";"202"
"2156";"281";"5";"81";"N";"N";"203"
"2157";"503";"5";"81";"N";"N";"204"
"2158";"1504";"5";"81";"N";"N";"205"
"2159";"1297";"5";"81";"N";"N";"206"
"2160";"233";"5";"81";"N";"N";"207"
"2161";"599";"5";"81";"N";"N";"208"
"2162";"1299";"5";"81";"N";"N";"209"
"2163";"1301";"5";"81";"N";"N";"210"
"2164";"1302";"5";"81";"N";"N";"211"
"2165";"1165";"5";"77";"N";"N";"212"
"2166";"1024";"5";"81";"N";"N";"213"
"2167";"1305";"5";"81";"N";"N";"214"
"2168";"1025";"5";"81";"N";"N";"215"
"2169";"1027";"5";"81";"N";"N";"216"
"2170";"982";"5";"81";"N";"S";"217"
"2171";"1306";"5";"81";"N";"N";"218"
"2172";"1446";"5";"81";"N";"N";"219"
"2173";"1307";"5";"81";"N";"N";"220"
"2174";"1308";"5";"81";"N";"S";"221"
"2175";"1030";"5";"81";"N";"S";"222"
"2176";"1294";"5";"81";"N";"N";"223"
"2177";"1032";"5";"72";"N";"N";"224"
"2178";"1506";"5";"81";"N";"N";"225"
"2179";"1309";"5";"72";"N";"N";"226"
"2180";"1674";"5";"78";"N";"N";"227"
"2181";"1340";"5";"72";"N";"N";"228"
"2182";"218";"5";"83";"N";"S";"229"
"2183";"1474";"5";"83";"N";"N";"230"
"2184";"1473";"5";"70";"N";"N";"231"
"2185";"1472";"5";"69";"N";"S";"232"
"2186";"1158";"5";"80";"N";"N";"233"
"2187";"1470";"5";"69";"N";"S";"234"
"2188";"1469";"5";"69";"N";"N";"235"
"2190";"1468";"5";"68";"N";"N";"236"
"2191";"1579";"5";"83";"N";"N";"237"
"2192";"1466";"5";"68";"N";"S";"238"
"2193";"1465";"5";"68";"N";"N";"239"
"2194";"1464";"5";"68";"N";"N";"240"
"2195";"1572";"5";"73";"N";"N";"241"
"2196";"1449";"5";"73";"N";"S";"242"
"2197";"1450";"5";"73";"N";"S";"243"
"2198";"1462";"5";"67";"N";"S";"244"
"2199";"1606";"5";"71";"N";"N";"245"
"2200";"1460";"5";"67";"N";"N";"246"
"2201";"1459";"5";"67";"N";"N";"247"
"2202";"1574";"5";"73";"N";"N";"248"
"2203";"1563";"5";"70";"N";"S";"249"
"2204";"1163";"5";"73";"N";"S";"250"
"2205";"1159";"5";"73";"N";"N";"251"
"2206";"1192";"5";"73";"N";"N";"252"
"2207";"1177";"5";"77";"N";"N";"253"
"2208";"644";"5";"77";"N";"S";"254"
"2209";"1562";"5";"77";"N";"N";"255"
"2210";"1360";"5";"77";"N";"N";"256"
"2211";"1666";"5";"77";"N";"S";"257"
"2212";"1560";"5";"77";"N";"S";"258"
"2213";"1559";"5";"77";"N";"S";"259"
"2214";"1558";"5";"77";"N";"N";"260"
"2215";"1556";"5";"80";"N";"N";"261"
"2216";"820";"5";"80";"N";"S";"262"
"2217";"996";"5";"80";"N";"N";"263"
"2218";"1554";"5";"80";"N";"S";"264"
"2219";"1246";"5";"80";"N";"N";"265"
"2220";"1045";"5";"76";"N";"N";"266"
"2221";"1546";"5";"82";"N";"N";"267"
"2222";"1545";"5";"82";"N";"N";"268"
"2223";"1543";"5";"82";"N";"N";"269"
"2224";"1542";"5";"82";"N";"N";"270"
"2225";"1232";"5";"76";"N";"N";"271"
"2226";"1190";"5";"75";"N";"S";"272"
"2227";"1544";"5";"82";"N";"N";"273"
"2228";"822";"5";"75";"N";"N";"274"
"2229";"209";"5";"82";"N";"N";"275"
"2230";"606";"5";"82";"N";"S";"276"
"2231";"509";"5";"71";"N";"S";"277"
"2232";"1217";"5";"75";"N";"N";"278"
"2233";"518";"5";"76";"N";"N";"279"
"2234";"807";"5";"75";"N";"N";"280"
"2235";"824";"5";"75";"N";"N";"281"
"2236";"809";"5";"75";"N";"N";"282"
"2237";"236";"5";"82";"N";"N";"283"
"2238";"589";"5";"75";"N";"N";"284"
"2239";"1219";"5";"75";"N";"N";"285"
"2240";"1009";"5";"82";"N";"N";"286"
"2241";"1195";"5";"75";"N";"N";"287"
"2242";"265";"5";"82";"N";"S";"288"
"2243";"52";"5";"75";"N";"N";"289"
"2244";"46";"5";"75";"N";"S";"290"
"2245";"1223";"5";"75";"N";"N";"291"
"2246";"1041";"5";"82";"N";"N";"292"
"2247";"38";"5";"75";"N";"N";"293"
"2248";"572";"5";"75";"N";"N";"294"
"2249";"78";"5";"82";"N";"S";"295"
"2250";"867";"5";"76";"N";"N";"296"
"2251";"1201";"5";"82";"N";"N";"297"
"2252";"1224";"5";"75";"N";"N";"298"
"2253";"841";"5";"76";"N";"N";"299"
"2254";"1203";"5";"75";"N";"S";"300"
"2255";"35";"5";"82";"N";"N";"301"
"2256";"570";"5";"75";"N";"N";"302"
"2257";"818";"5";"75";"N";"N";"303"
"2258";"1493";"5";"71";"N";"S";"304"
"2259";"605";"5";"82";"N";"N";"305"
"2260";"869";"5";"76";"N";"N";"306"
"2261";"1038";"5";"75";"N";"N";"307"
"2262";"1486";"5";"71";"N";"N";"308"
"2263";"870";"5";"76";"N";"N";"309"
"2264";"1216";"5";"82";"N";"N";"310"
"2265";"846";"5";"76";"N";"N";"311"
"2266";"1229";"5";"75";"N";"N";"312"
"2267";"37";"5";"76";"N";"N";"313"
"2268";"1040";"5";"76";"N";"N";"314"
"2269";"858";"5";"76";"N";"N";"315"
"2270";"859";"5";"76";"N";"N";"316"
"2271";"1494";"5";"71";"N";"N";"317"
"2272";"299";"5";"76";"N";"N";"318"
"2273";"390";"5";"76";"N";"N";"319"
"2274";"1495";"5";"71";"N";"S";"320"
"2275";"493";"5";"76";"N";"N";"321"
"2277";"288";"5";"77";"N";"N";"322"
"2278";"1519";"5";"77";"N";"N";"323"
"2279";"1518";"5";"77";"N";"S";"324"
"2280";"1516";"5";"77";"N";"N";"325"
"2281";"1517";"5";"77";"N";"N";"326"
"2282";"1520";"5";"77";"N";"N";"327"
"2283";"1161";"5";"77";"N";"N";"328"
"2284";"1392";"5";"77";"N";"N";"329"
"2285";"1354";"5";"77";"N";"N";"330"
"2286";"1521";"5";"77";"N";"N";"331"
"2287";"538";"5";"77";"N";"N";"332"
"2288";"616";"5";"77";"N";"N";"333"
"2289";"549";"5";"77";"N";"N";"334"
"2290";"1267";"5";"71";"N";"N";"335"
"2291";"1610";"5";"71";"N";"N";"336"
"2292";"832";"5";"77";"N";"S";"337"
"2293";"1033";"5";"77";"N";"S";"338"
"2294";"1361";"5";"77";"N";"N";"339"
"2295";"1670";"5";"70";"N";"N";"340"
"2296";"1180";"5";"77";"N";"N";"341"
"2297";"1342";"5";"84";"N";"N";"342"
"2298";"227";"5";"84";"N";"S";"343"
"2299";"1599";"5";"78";"N";"N";"344"
"2300";"840";"5";"78";"N";"N";"345"
"2301";"1346";"5";"84";"N";"N";"346"
"2302";"1347";"5";"78";"N";"N";"347"
"2303";"1348";"5";"84";"N";"N";"348"
"2304";"1349";"5";"84";"N";"N";"349"
"2305";"630";"5";"84";"N";"N";"350"
"2306";"1598";"5";"78";"N";"N";"351"
"2307";"1451";"5";"78";"N";"N";"352"
"2308";"588";"5";"78";"N";"N";"353"
"2309";"814";"5";"84";"N";"N";"354"
"2310";"1268";"5";"78";"N";"N";"355"
"2311";"96";"5";"76";"N";"N";"356"
"2312";"578";"5";"78";"N";"N";"357"
"2313";"1094";"5";"78";"N";"N";"358"
"2314";"1355";"5";"78";"N";"N";"359"
"2315";"1093";"5";"84";"N";"S";"360"
"2316";"1056";"5";"78";"N";"N";"361"
"2317";"194";"5";"71";"N";"N";"362"
"2318";"1358";"5";"84";"N";"N";"363"
"2319";"714";"5";"78";"N";"N";"364"
"2320";"638";"5";"78";"N";"N";"365"
"2321";"1671";"5";"84";"N";"N";"366"
"2322";"711";"5";"78";"N";"N";"367"
"2323";"223";"5";"84";"N";"N";"368"
"2324";"712";"5";"78";"N";"N";"369"
"2325";"1390";"5";"70";"N";"S";"370"
"2326";"245";"5";"84";"N";"N";"371"
"2327";"1364";"5";"78";"N";"N";"372"
"2328";"1363";"5";"78";"N";"N";"373"
"2329";"277";"5";"79";"N";"N";"374"
"2330";"640";"5";"79";"N";"N";"375"
"2331";"1052";"5";"79";"N";"N";"376"
"2332";"802";"5";"69";"N";"N";"377"
"2333";"211";"5";"79";"N";"N";"378"
"2334";"447";"5";"79";"N";"N";"379"
"2335";"891";"5";"79";"N";"N";"380"
"2336";"449";"5";"79";"N";"N";"381"
"2337";"914";"5";"79";"N";"S";"382"
"2338";"592";"5";"79";"N";"N";"383"
"2339";"892";"5";"79";"N";"N";"384"
"2340";"1600";"5";"79";"N";"N";"385"
"2341";"235";"5";"79";"N";"N";"386"
"2342";"557";"5";"69";"N";"N";"387"
"2343";"1057";"5";"79";"N";"N";"388"
"2344";"220";"5";"79";"N";"N";"389"
"2345";"1058";"5";"79";"N";"N";"390"
"2346";"1370";"5";"79";"N";"N";"391"
"2347";"224";"5";"79";"N";"N";"392"
"2348";"225";"5";"79";"N";"N";"393"
"2349";"1061";"5";"79";"N";"N";"394"
"2350";"450";"5";"79";"N";"N";"395"
"2351";"904";"5";"79";"N";"N";"396"
"2352";"1371";"5";"79";"N";"N";"397"
"2353";"906";"5";"79";"N";"N";"398"
"2354";"189";"5";"82";"N";"N";"399"
"2355";"724";"5";"82";"N";"S";"400"
"2356";"1454";"5";"75";"N";"N";"401"
"2357";"1207";"5";"82";"N";"N";"402"
"2358";"1456";"5";"75";"N";"N";"403"
"2359";"1050";"5";"71";"N";"S";"404"
"2360";"1475";"5";"83";"N";"N";"405"
"2361";"611";"5";"71";"N";"N";"406"
"2362";"1477";"5";"70";"N";"N";"407"
"2363";"1478";"5";"83";"N";"N";"408"
"2364";"1479";"5";"70";"N";"N";"409"
"2365";"1480";"5";"70";"N";"N";"410"
"2366";"1481";"5";"76";"N";"N";"411"
"2367";"1482";"5";"76";"N";"N";"412"
"2368";"1483";"5";"76";"N";"N";"413"
"2369";"1484";"5";"76";"N";"N";"414"
"2370";"1485";"5";"76";"N";"N";"415"
"2372";"1497";"5";"71";"N";"N";"416"
"2373";"1498";"5";"72";"N";"S";"417"
"2374";"1220";"5";"82";"N";"S";"418"
"2375";"535";"5";"73";"N";"N";"419"
"2376";"534";"5";"73";"N";"N";"420"
"2377";"995";"5";"73";"N";"N";"421"
"2378";"1148";"5";"73";"N";"N";"422"
"2379";"1509";"5";"73";"N";"N";"423"
"2380";"1510";"5";"73";"N";"S";"424"
"2381";"544";"5";"73";"N";"N";"425"
"2382";"1511";"5";"73";"N";"N";"426"
"2383";"555";"5";"73";"N";"N";"427"
"2384";"568";"5";"73";"N";"N";"428"
"2385";"562";"5";"73";"N";"N";"429"
"2386";"1512";"5";"73";"N";"N";"430"
"2387";"1513";"5";"77";"N";"S";"431"
"2388";"1514";"5";"77";"N";"N";"432"
"2389";"1515";"5";"77";"N";"N";"433"
"2390";"1166";"5";"77";"N";"N";"434"
"2391";"778";"5";"77";"N";"N";"435"
"2392";"958";"5";"77";"N";"N";"436"
"2393";"1611";"5";"81";"N";"S";"437"
"2395";"1300";"5";"81";"N";"N";"438"
"2396";"1613";"5";"81";"N";"N";"439"
"2397";"1088";"5";"81";"N";"N";"440"
"2398";"1614";"5";"81";"N";"N";"441"
"2399";"1615";"5";"81";"N";"S";"442"
"2400";"1616";"5";"73";"N";"S";"443"
"2401";"1617";"5";"73";"N";"S";"444"
"2402";"1618";"5";"67";"N";"S";"445"
"2403";"1619";"5";"67";"N";"N";"446"
"2404";"1620";"5";"67";"N";"S";"447"
"2405";"1621";"5";"67";"N";"N";"448"
"2406";"1101";"5";"68";"N";"N";"449"
"2407";"1103";"5";"68";"N";"N";"450"
"2408";"1622";"5";"68";"N";"N";"451"
"2409";"1623";"5";"68";"N";"S";"452"
"2410";"745";"5";"68";"N";"N";"453"
"2411";"1128";"5";"68";"N";"N";"454"
"2412";"1138";"5";"68";"N";"N";"455"
"2413";"1625";"5";"68";"N";"N";"456"
"2414";"1662";"5";"68";"N";"N";"457"
"2415";"1409";"5";"68";"N";"N";"458"
"2416";"753";"5";"68";"N";"S";"459"
"2417";"1628";"5";"69";"N";"N";"460"
"2418";"1629";"5";"69";"N";"S";"461"
"2419";"1171";"5";"80";"N";"N";"462"
"2420";"1632";"5";"83";"N";"S";"463"
"2421";"1169";"5";"80";"N";"S";"464"
"2422";"1633";"5";"77";"N";"S";"465"
"2423";"1634";"5";"77";"N";"N";"466"
"2424";"1635";"5";"77";"N";"S";"467"
"2425";"1637";"5";"73";"N";"N";"468"
"2426";"833";"5";"73";"N";"N";"469"
"2427";"1260";"5";"70";"N";"S";"470"
"2428";"1639";"5";"70";"N";"S";"471"
"2429";"1641";"5";"83";"N";"N";"472"
"2430";"1669";"5";"70";"N";"N";"473"
"2431";"1642";"5";"83";"N";"N";"474"
"2432";"1665";"5";"80";"N";"S";"475"
"2433";"1377";"5";"70";"N";"S";"476"
"2434";"898";"5";"84";"N";"N";"477"
"2435";"1644";"5";"78";"N";"S";"478"
"2436";"805";"5";"84";"N";"N";"479"
"2437";"1645";"5";"84";"N";"N";"480"
"2438";"1646";"5";"71";"N";"N";"481"
"2439";"1648";"5";"72";"N";"S";"482"
"2440";"1649";"5";"72";"N";"N";"483"
"2441";"1650";"5";"72";"N";"N";"484"
"2442";"1651";"5";"72";"N";"N";"485"
"2443";"1652";"5";"72";"N";"S";"486"
"2444";"1673";"5";"72";"N";"N";"487"
"2445";"1654";"5";"72";"N";"N";"488"
"2446";"1151";"5";"68";"N";"N";"489"
"2447";"1140";"5";"68";"N";"N";"490"
"2449";"1657";"5";"82";"N";"S";"491"
"2450";"1658";"5";"67";"N";"N";"492"
"2451";"550";"5";"70";"N";"S";"493"
"2452";"1170";"5";"70";"N";"S";"494"
"2453";"1405";"5";"70";"N";"N";"495"
"2454";"1677";"5";"83";"N";"S";"496"
"2455";"804";"5";"83";"N";"S";"497"
"2456";"1678";"5";"78";"N";"N";"498"
"2457";"1679";"5";"81";"N";"N";"499"
"2458";"1005";"5";"75";"N";"N";"500"
"2459";"1680";"5";"77";"N";"N";"501"
"2460";"1681";"5";"71";"N";"N";"502"
"2461";"1682";"5";"70";"N";"N";"503"
"2471";"1692";"5";"77";"N";"N";"504"
"2472";"1216";"6";"97";"N";"N";"1"
"2473";"209";"6";"97";"N";"N";"2"
"2474";"1217";"6";"97";"N";"N";"3"
"2475";"818";"6";"97";"N";"N";"4"
"2476";"570";"6";"97";"N";"N";"5"
"2477";"807";"6";"97";"N";"N";"6"
"2478";"809";"6";"97";"N";"N";"7"
"2479";"1223";"6";"97";"N";"N";"8"
"2480";"1219";"6";"97";"N";"N";"9"
"2481";"822";"6";"97";"N";"S";"10"
"2482";"1224";"6";"97";"N";"N";"11"
"2483";"589";"6";"97";"N";"N";"12"
"2484";"1201";"6";"97";"N";"N";"13"
"2485";"1542";"6";"97";"N";"N";"14"
"2486";"1544";"6";"97";"N";"N";"15"
"2487";"1546";"6";"97";"N";"N";"16"
"2488";"1229";"6";"97";"N";"N";"17"
"2489";"526";"6";"95";"N";"N";"18"
"2490";"553";"6";"95";"N";"N";"19"
"2491";"1565";"6";"95";"N";"N";"20"
"2492";"1572";"6";"95";"N";"N";"21"
"2493";"1183";"6";"95";"N";"N";"22"
"2494";"800";"6";"95";"N";"N";"23"
"2495";"1571";"6";"95";"N";"N";"24"
"2496";"565";"6";"95";"N";"N";"25"
"2497";"445";"6";"95";"N";"S";"26"
"2498";"555";"6";"95";"N";"N";"27"
"2499";"562";"6";"95";"N";"N";"28"
"2500";"995";"6";"95";"N";"N";"29"
"2501";"535";"6";"95";"N";"N";"30"
"2502";"534";"6";"95";"N";"N";"31"
"2503";"568";"6";"95";"N";"N";"32"
"2504";"1148";"6";"95";"N";"N";"33"
"2505";"548";"6";"95";"N";"N";"34"
"2506";"1317";"6";"97";"N";"S";"35"
"2507";"572";"6";"97";"N";"N";"36"
"2508";"35";"6";"97";"N";"S";"37"
"2509";"824";"6";"97";"N";"N";"38"
"2510";"1545";"6";"97";"N";"N";"39"
"2511";"1195";"6";"97";"N";"N";"40"
"2513";"1248";"6";"94";"N";"N";"41"
"2514";"1158";"6";"94";"N";"S";"42"
"2515";"996";"6";"94";"N";"N";"43"
"2516";"1552";"6";"94";"N";"S";"44"
"2517";"1512";"6";"95";"N";"S";"45"
"2518";"544";"6";"95";"N";"N";"46"
"2519";"1192";"6";"95";"N";"N";"47"
"2520";"1637";"6";"95";"N";"N";"48"
"2521";"1574";"6";"95";"N";"N";"49"
"2522";"1509";"6";"95";"N";"S";"50"
"2523";"1511";"6";"95";"N";"S";"51"
"2524";"38";"6";"97";"N";"N";"52"
"2525";"1038";"6";"97";"N";"N";"53"
"2526";"52";"6";"97";"N";"N";"54"
"2527";"1009";"6";"97";"N";"N";"55"
"2528";"236";"6";"97";"N";"N";"56"
"2529";"1041";"6";"97";"N";"N";"57"
"2530";"1159";"6";"95";"N";"S";"58"
"2531";"1693";"6";"95";"N";"N";"59"
"2532";"189";"6";"97";"N";"N";"60"
"2533";"605";"6";"97";"N";"N";"61"
"2534";"1207";"6";"97";"N";"N";"62"
"2536";"1694";"6";"94";"N";"S";"63"
"2537";"516";"6";"94";"N";"S";"64"
"2538";"1171";"6";"94";"N";"S";"65"
"2539";"1695";"6";"94";"N";"S";"66"
"2540";"1696";"6";"94";"N";"N";"67"
"2542";"1697";"6";"94";"N";"S";"68"
"2543";"1698";"6";"94";"N";"N";"69"
"2544";"999";"6";"95";"N";"N";"70"
"2545";"833";"6";"95";"N";"N";"71"
"2546";"1153";"6";"94";"N";"N";"72"
"2547";"1230";"6";"95";"N";"S";"73"
"2549";"1110";"6";"87";"N";"N";"74"
"2550";"1424";"6";"87";"N";"N";"75"
"2551";"1523";"6";"87";"N";"N";"76"
"2552";"1621";"6";"87";"N";"N";"77"
"2553";"1425";"6";"87";"N";"S";"78"
"2554";"1426";"6";"87";"N";"S";"79"
"2555";"1427";"6";"87";"N";"S";"80"
"2556";"1619";"6";"87";"N";"S";"81"
"2557";"1428";"6";"87";"N";"N";"82"
"2558";"1459";"6";"87";"N";"N";"83"
"2559";"1658";"6";"87";"N";"N";"84"
"2560";"1527";"6";"87";"N";"N";"85"
"2561";"1531";"6";"87";"N";"N";"86"
"2562";"1460";"6";"87";"N";"N";"87"
"2563";"1530";"6";"87";"N";"S";"88"
"2564";"791";"6";"100";"N";"N";"89"
"2565";"1168";"6";"100";"N";"N";"90"
"2566";"1479";"6";"100";"N";"N";"91"
"2567";"1590";"6";"100";"N";"N";"92"
"2568";"1473";"6";"100";"N";"N";"93"
"2569";"1669";"6";"100";"N";"N";"94"
"2570";"1405";"6";"100";"N";"N";"95"
"2571";"1670";"6";"100";"N";"N";"96"
"2572";"1477";"6";"100";"N";"N";"97"
"2573";"545";"6";"100";"N";"N";"98"
"2575";"1480";"6";"100";"N";"N";"99"
"2576";"721";"6";"103";"N";"N";"100"
"2577";"1576";"6";"103";"N";"N";"101"
"2578";"1641";"6";"103";"N";"N";"102"
"2579";"1475";"6";"103";"N";"N";"103"
"2580";"1578";"6";"103";"N";"N";"104"
"2581";"1440";"6";"103";"N";"N";"105"
"2583";"1579";"6";"103";"N";"N";"106"
"2584";"1474";"6";"103";"N";"N";"107"
"2585";"1273";"6";"103";"N";"N";"108"
"2586";"1580";"6";"103";"N";"N";"109"
"2587";"1478";"6";"103";"N";"N";"110"
"2588";"1591";"6";"103";"N";"S";"111"
"2589";"1581";"6";"103";"N";"N";"112"
"2590";"1084";"6";"103";"N";"N";"113"
"2591";"1582";"6";"103";"N";"N";"114"
"2592";"1584";"6";"103";"N";"N";"115"
"2593";"1540";"6";"91";"N";"N";"116"
"2594";"1514";"6";"91";"N";"N";"117"
"2595";"1558";"6";"91";"N";"N";"118"
"2596";"1515";"6";"91";"N";"N";"119"
"2597";"1516";"6";"91";"N";"N";"120"
"2598";"1517";"6";"91";"N";"N";"121"
"2600";"1519";"6";"103";"N";"N";"122"
"2601";"288";"6";"91";"N";"N";"123"
"2602";"1392";"6";"91";"N";"N";"124"
"2603";"1161";"6";"91";"N";"N";"125"
"2604";"1520";"6";"91";"N";"N";"126"
"2605";"1165";"6";"91";"N";"S";"127"
"2606";"1166";"6";"91";"N";"N";"128"
"2607";"778";"6";"91";"N";"N";"129"
"2609";"958";"6";"91";"N";"N";"130"
"2610";"1177";"6";"91";"N";"N";"131"
"2611";"1180";"6";"91";"N";"N";"132"
"2612";"1634";"6";"91";"N";"N";"133"
"2613";"1597";"6";"93";"N";"S";"134"
"2616";"840";"6";"93";"N";"S";"135"
"2617";"1347";"6";"93";"N";"N";"136"
"2618";"1678";"6";"93";"N";"S";"137"
"2619";"1598";"6";"93";"N";"N";"138"
"2620";"1451";"6";"93";"N";"N";"139"
"2621";"1351";"6";"93";"N";"N";"140"
"2622";"588";"6";"93";"N";"N";"141"
"2623";"1268";"6";"93";"N";"N";"142"
"2624";"1599";"6";"93";"N";"N";"143"
"2625";"578";"6";"93";"N";"N";"144"
"2626";"1094";"6";"93";"N";"N";"145"
"2627";"1355";"6";"93";"N";"N";"146"
"2628";"1056";"6";"93";"N";"N";"147"
"2629";"714";"6";"93";"N";"N";"148"
"2630";"638";"6";"93";"N";"N";"149"
"2631";"711";"6";"93";"N";"N";"150"
"2632";"1364";"6";"93";"N";"N";"151"
"2633";"1363";"6";"93";"N";"N";"152"
"2635";"1342";"6";"104";"N";"N";"153"
"2636";"1051";"6";"104";"N";"N";"154"
"2637";"805";"6";"104";"N";"N";"155"
"2638";"1346";"6";"104";"N";"N";"156"
"2639";"1348";"6";"104";"N";"N";"157"
"2640";"1349";"6";"104";"N";"N";"158"
"2641";"1593";"6";"104";"N";"N";"159"
"2642";"1671";"6";"104";"N";"N";"160"
"2643";"594";"6";"104";"N";"N";"161"
"2644";"630";"6";"104";"N";"N";"162"
"2645";"1594";"6";"104";"N";"N";"163"
"2648";"1645";"6";"104";"N";"N";"164"
"2649";"1596";"6";"104";"N";"N";"165"
"2651";"1682";"6";"100";"N";"S";"166"
"2652";"1642";"6";"103";"N";"N";"167"
"2654";"1354";"6";"103";"N";"N";"168"
"2656";"712";"6";"93";"N";"N";"169"
"2657";"1358";"6";"104";"N";"N";"170"
"2658";"1595";"6";"104";"N";"N";"171"
"2659";"223";"6";"104";"N";"N";"172"
"2660";"1699";"6";"94";"N";"N";"173"
"2661";"1163";"6";"94";"N";"S";"174"
"2662";"1700";"6";"105";"N";"S";"175"
"2663";"1701";"6";"105";"N";"S";"176"
"2664";"1702";"6";"94";"N";"N";"177"
"2665";"1692";"6";"91";"N";"N";"178"
"2666";"1703";"6";"94";"N";"N";"179"
"2667";"1704";"6";"94";"N";"N";"180"
"2668";"1705";"6";"98";"N";"N";"181"
"2669";"1706";"6";"94";"N";"S";"182"
"2670";"1456";"6";"97";"N";"N";"183"
"2671";"1707";"6";"97";"N";"N";"184"
"2672";"1547";"6";"90";"N";"N";"185"
"2673";"1628";"6";"90";"N";"S";"186"
"2674";"1708";"6";"90";"N";"N";"187"
"2675";"1709";"6";"90";"N";"S";"188"
"2676";"1710";"6";"90";"N";"N";"189"
"2677";"733";"6";"90";"N";"N";"190"
"2678";"990";"6";"90";"N";"N";"191"
"2679";"1711";"6";"90";"N";"N";"192"
"2681";"739";"6";"90";"N";"N";"193"
"2682";"1712";"6";"90";"N";"N";"194"
"2683";"1713";"6";"90";"N";"N";"195"
"2684";"1714";"6";"90";"N";"S";"196"
"2685";"1715";"6";"90";"N";"N";"197"
"2686";"1434";"6";"90";"N";"N";"198"
"2688";"549";"6";"90";"N";"N";"199"
"2689";"1717";"6";"90";"N";"N";"200"
"2690";"1718";"6";"90";"N";"N";"201"
"2691";"1631";"6";"90";"N";"N";"202"
"2692";"1719";"6";"90";"N";"N";"203"
"2693";"782";"6";"90";"N";"N";"204"
"2694";"727";"6";"90";"N";"N";"205"
"2695";"754";"6";"90";"N";"N";"206"
"2696";"1720";"6";"90";"N";"S";"207"
"2697";"716";"6";"103";"N";"N";"208"
"2698";"1721";"6";"91";"N";"N";"209"
"2699";"1722";"6";"91";"N";"N";"210"
"2700";"1723";"6";"91";"N";"N";"211"
"2701";"1093";"6";"91";"N";"S";"212"
"2702";"1246";"6";"90";"N";"N";"213"
"2703";"1724";"6";"91";"N";"N";"214"
"2705";"1562";"6";"91";"N";"S";"215"
"2708";"814";"6";"93";"N";"N";"216"
"2709";"898";"6";"93";"N";"N";"217"
"2710";"245";"6";"93";"N";"N";"218"
"2711";"1296";"6";"102";"N";"S";"219"
"2712";"1486";"6";"102";"N";"N";"220"
"2713";"1255";"6";"102";"N";"N";"221"
"2714";"1288";"6";"102";"N";"S";"222"
"2715";"1261";"6";"102";"N";"N";"223"
"2716";"1725";"6";"102";"N";"N";"224"
"2717";"1602";"6";"102";"N";"N";"225"
"2718";"1726";"6";"102";"N";"S";"226"
"2719";"1490";"6";"102";"N";"N";"227"
"2720";"1270";"6";"102";"N";"S";"228"
"2721";"1727";"6";"102";"N";"N";"229"
"2722";"1605";"6";"102";"N";"N";"230"
"2723";"1728";"6";"102";"N";"N";"231"
"2724";"1606";"6";"102";"N";"N";"232"
"2725";"1729";"6";"102";"N";"N";"233"
"2726";"1610";"6";"102";"N";"N";"234"
"2727";"1730";"6";"102";"N";"N";"235"
"2728";"1497";"6";"102";"N";"N";"236"
"2729";"1380";"6";"102";"N";"N";"237"
"2730";"1615";"6";"102";"N";"S";"238"
"2731";"1731";"6";"102";"N";"N";"239"
"2732";"1681";"6";"102";"N";"N";"240"
"2733";"1732";"6";"102";"N";"N";"241"
"2734";"1401";"6";"101";"N";"N";"242"
"2735";"1005";"6";"101";"N";"N";"243"
"2736";"231";"6";"101";"N";"N";"244"
"2737";"1257";"6";"101";"N";"N";"245"
"2738";"1258";"6";"101";"N";"N";"246"
"2739";"1676";"6";"101";"N";"N";"247"
"2740";"611";"6";"101";"N";"N";"248"
"2741";"1378";"6";"101";"N";"N";"249"
"2742";"1265";"6";"101";"N";"N";"250"
"2743";"1488";"6";"101";"N";"N";"251"
"2744";"503";"6";"101";"N";"N";"252"
"2745";"1443";"6";"101";"N";"N";"253"
"2746";"1267";"6";"101";"N";"N";"254"
"2747";"1489";"6";"101";"N";"N";"255"
"2748";"263";"6";"101";"N";"N";"256"
"2749";"1491";"6";"101";"N";"N";"257"
"2750";"972";"6";"101";"N";"N";"258"
"2751";"1646";"6";"101";"N";"N";"259"
"2752";"1492";"6";"101";"N";"N";"260"
"2753";"194";"6";"101";"N";"N";"261"
"2754";"1274";"6";"101";"N";"N";"262"
"2755";"1494";"6";"101";"N";"N";"263"
"2756";"1733";"6";"101";"N";"N";"264"
"2757";"1734";"6";"101";"N";"N";"265"
"2758";"1403";"6";"101";"N";"N";"266"
"2759";"1735";"6";"101";"N";"N";"267"
"2760";"1444";"6";"101";"N";"N";"268"
"2761";"1031";"6";"101";"N";"N";"269"
"2762";"982";"6";"101";"N";"N";"270"
"2763";"860";"6";"101";"N";"N";"271"
"2764";"1107";"6";"88";"N";"N";"272"
"2765";"1114";"6";"88";"N";"N";"273"
"2766";"1429";"6";"88";"N";"S";"274"
"2767";"1662";"6";"88";"N";"N";"275"
"2768";"1136";"6";"88";"N";"N";"276"
"2769";"1137";"6";"88";"N";"N";"277"
"2770";"1465";"6";"88";"N";"N";"278"
"2772";"1151";"6";"88";"N";"N";"279"
"2774";"1105";"6";"89";"N";"N";"280"
"2777";"989";"6";"89";"N";"N";"281"
"2778";"587";"6";"89";"N";"S";"282"
"2779";"1128";"6";"89";"N";"S";"283"
"2780";"1138";"6";"89";"N";"N";"284"
"2781";"1140";"6";"89";"N";"N";"285"
"2782";"1241";"6";"89";"N";"N";"286"
"2783";"579";"6";"89";"N";"N";"287"
"2784";"1431";"6";"89";"N";"N";"288"
"2785";"741";"6";"87";"N";"S";"289"
"2786";"1437";"6";"105";"N";"S";"290"
"2787";"1164";"6";"98";"N";"N";"291"
"2788";"792";"6";"98";"N";"N";"292"
"2790";"1438";"6";"105";"N";"N";"293"
"2791";"1664";"6";"98";"N";"N";"294"
"2792";"1170";"6";"105";"N";"S";"295"
"2793";"1469";"6";"98";"N";"N";"296"
"2794";"1244";"6";"98";"N";"N";"297"
"2795";"653";"6";"105";"N";"S";"298"
"2796";"557";"6";"105";"N";"N";"299"
"2797";"1187";"6";"98";"N";"S";"300"
"2798";"880";"6";"98";"N";"N";"301"
"2799";"1736";"6";"105";"N";"S";"302"
"2800";"1221";"6";"100";"N";"N";"303"
"2801";"796";"6";"100";"N";"N";"304"
"2802";"62";"6";"100";"N";"N";"305"
"2803";"607";"6";"100";"N";"N";"306"
"2804";"980";"6";"103";"N";"N";"307"
"2806";"1361";"6";"90";"N";"S";"406"
"2808";"1004";"6";"89";"N";"N";"309"
"2809";"986";"6";"89";"N";"S";"310"
"2810";"1737";"6";"89";"N";"S";"311"
"2811";"1622";"6";"89";"N";"N";"312"
"2812";"1738";"6";"89";"N";"N";"313"
"2813";"1739";"6";"89";"N";"S";"314"
"2814";"1740";"6";"89";"N";"N";"315"
"2815";"1741";"6";"89";"N";"N";"316"
"2816";"1742";"6";"89";"N";"N";"317"
"2817";"1133";"6";"89";"N";"S";"318"
"2818";"1430";"6";"89";"N";"N";"319"
"2819";"1101";"6";"88";"N";"S";"320"
"2820";"1464";"6";"88";"N";"N";"321"
"2821";"1743";"6";"88";"N";"S";"322"
"2822";"1744";"6";"88";"N";"N";"323"
"2823";"1745";"6";"88";"N";"N";"324"
"2824";"1134";"6";"88";"N";"N";"325"
"2825";"1746";"6";"88";"N";"N";"326"
"2826";"1747";"6";"88";"N";"N";"327"
"2827";"1748";"6";"86";"N";"N";"328"
"2828";"1749";"6";"86";"N";"N";"329"
"2829";"1750";"6";"86";"N";"N";"330"
"2830";"1387";"6";"86";"N";"S";"331"
"2831";"1751";"6";"86";"N";"N";"332"
"2832";"1752";"6";"86";"N";"N";"333"
"2833";"1753";"6";"86";"N";"N";"334"
"2834";"1754";"6";"86";"N";"N";"335"
"2835";"533";"6";"86";"N";"N";"336"
"2836";"1755";"6";"86";"N";"S";"337"
"2837";"1756";"6";"86";"N";"S";"338"
"2838";"1757";"6";"87";"N";"N";"339"
"2839";"1758";"6";"87";"N";"S";"340"
"2840";"1759";"6";"87";"N";"N";"341"
"2842";"1761";"6";"87";"N";"N";"342"
"2843";"1762";"6";"87";"N";"S";"343"
"2844";"1763";"6";"88";"N";"N";"344"
"2847";"1765";"6";"97";"N";"S";"345"
"2848";"1468";"6";"88";"N";"S";"346"
"2849";"247";"6";"89";"N";"S";"347"
"2850";"1112";"6";"89";"N";"N";"348"
"2852";"1767";"6";"98";"N";"N";"349"
"2854";"1769";"6";"105";"N";"N";"350"
"2855";"1770";"6";"105";"N";"N";"351"
"2857";"1772";"6";"98";"N";"S";"353"
"2858";"1773";"6";"98";"N";"N";"354"
"2859";"1774";"6";"98";"N";"N";"355"
"2860";"1775";"6";"98";"N";"S";"356"
"2861";"1776";"6";"98";"N";"S";"357"
"2862";"1777";"6";"98";"N";"N";"358"
"2863";"1778";"6";"98";"N";"N";"359"
"2864";"1779";"6";"98";"N";"N";"360"
"2865";"1780";"6";"98";"N";"S";"361"
"2866";"1781";"6";"98";"N";"S";"362"
"2867";"1782";"6";"98";"N";"S";"363"
"2868";"1783";"6";"105";"N";"S";"364"
"2869";"1784";"6";"105";"N";"N";"365"
"2870";"1785";"6";"98";"N";"S";"366"
"2871";"1786";"6";"98";"N";"N";"367"
"2872";"1787";"6";"98";"N";"N";"368"
"2873";"1788";"6";"98";"N";"N";"369"
"2874";"1789";"6";"105";"N";"N";"370"
"2875";"1790";"6";"98";"N";"N";"371"
"2877";"1792";"6";"90";"N";"S";"372"
"2878";"1793";"6";"105";"N";"N";"373"
"2882";"1796";"6";"94";"N";"S";"374"
"2883";"1797";"6";"94";"N";"N";"375"
"2885";"1799";"6";"94";"N";"N";"376"
"2887";"1801";"6";"100";"N";"N";"377"
"2889";"1803";"6";"100";"N";"S";"378"
"2891";"1805";"6";"100";"N";"N";"379"
"2892";"1806";"6";"103";"N";"S";"380"
"2893";"1807";"6";"100";"N";"N";"381"
"2894";"1808";"6";"100";"N";"N";"382"
"2895";"1809";"6";"100";"N";"S";"383"
"2898";"1812";"6";"100";"N";"N";"384"
"2899";"1813";"6";"100";"N";"S";"385"
"2900";"1814";"6";"100";"N";"N";"386"
"2901";"1815";"6";"103";"N";"S";"387"
"2903";"1817";"6";"103";"N";"S";"388"
"2904";"1818";"6";"103";"N";"S";"389"
"2905";"1819";"6";"103";"N";"N";"390"
"2906";"1820";"6";"103";"N";"N";"391"
"2907";"1821";"6";"103";"N";"N";"392"
"2908";"1822";"6";"91";"N";"S";"393"
"2909";"1823";"6";"91";"N";"S";"394"
"2910";"1824";"6";"97";"N";"S";"395"
"2912";"1826";"6";"88";"N";"N";"396"
"2913";"1827";"6";"88";"N";"S";"397"
"2914";"1828";"6";"89";"N";"S";"398"
"2915";"1829";"6";"104";"N";"N";"399"
"2916";"1390";"6";"105";"N";"S";"400"
"2917";"1830";"6";"98";"N";"N";"401"
"2919";"1832";"6";"94";"N";"N";"402"
"2920";"1833";"6";"94";"N";"S";"403"
"2921";"730";"6";"94";"N";"S";"404"
"2922";"1834";"6";"88";"N";"N";"405"
"2923";"1361";"6";"91";"N";"S";"406"
"2926";"1674";"6";"93";"N";"S";"407"
"2927";"1601";"6";"103";"N";"N";"408"
"2928";"1836";"6";"103";"N";"S";"409"
"2929";"558";"6";"100";"N";"N";"410"
"2930";"1575";"6";"100";"N";"N";"411"
"2931";"1564";"6";"100";"N";"S";"412"
"2932";"1360";"6";"91";"N";"N";"413"
"2935";"218";"6";"98";"N";"N";"414"
"2936";"1663";"6";"98";"N";"N";"415"
"2937";"601";"6";"88";"N";"S";"416"
"2938";"1838";"6";"87";"N";"N";"417"
"2939";"1839";"6";"87";"N";"N";"418"
"2940";"1661";"6";"87";"N";"S";"419"
"2941";"1840";"6";"87";"N";"N";"420"
"2942";"753";"6";"87";"N";"S";"421"
"2943";"1841";"6";"87";"N";"S";"422"
"2944";"1842";"6";"86";"N";"N";"423"
"2945";"522";"6";"102";"N";"N";"424"
"2946";"1843";"6";"102";"N";"N";"425"
"2948";"1308";"6";"102";"N";"S";"426"
"2949";"1030";"6";"102";"N";"N";"427"
"2950";"1845";"6";"102";"N";"N";"428"
"2951";"1846";"6";"103";"N";"N";"429"
"2952";"1436";"6";"89";"N";"N";"430"
"2953";"1847";"6";"94";"N";"S";"431"
"2954";"1848";"6";"105";"N";"N";"432"
"2955";"1849";"6";"105";"N";"S";"433"
"2956";"1850";"6";"105";"N";"S";"434"
"2957";"1851";"6";"98";"N";"N";"435"
"2959";"1525";"6";"87";"N";"S";"436"
"2960";"1853";"6";"89";"N";"N";"437"
"2961";"1854";"6";"103";"N";"N";"438"
"2962";"773";"6";"105";"N";"N";"439"
"2963";"1855";"6";"105";"N";"S";"440"
"2967";"1858";"6";"100";"N";"N";"441"
"2968";"1012";"6";"94";"N";"S";"442"
"2969";"1859";"6";"101";"N";"N";"443"
"2970";"1860";"6";"102";"N";"N";"444"
"2971";"857";"6";"102";"N";"N";"445"
"2972";"1861";"6";"87";"N";"N";"446"
"2973";"1862";"6";"103";"N";"N";"447"
"2974";"1863";"6";"103";"N";"N";"448"
"2975";"1864";"6";"103";"N";"N";"449"
"2976";"1865";"6";"102";"N";"N";"450"
"2977";"1680";"6";"91";"N";"N";"451"
"2978";"1866";"6";"91";"N";"N";"452"
"2979";"1867";"6";"105";"N";"N";"453"
"2980";"1842";"7";"107";"N";"N";"1"
"2981";"1749";"7";"107";"N";"N";"2"
"2982";"1752";"7";"107";"N";"N";"3"
"2984";"1754";"7";"107";"N";"N";"4"
"2985";"1547";"7";"116";"N";"N";"5"
"2986";"727";"7";"116";"N";"N";"6"
"2987";"1708";"7";"116";"N";"N";"7"
"2988";"1710";"7";"116";"N";"N";"8"
"2989";"733";"7";"116";"N";"N";"9"
"2990";"1713";"7";"116";"N";"N";"10"
"2991";"1717";"7";"116";"N";"N";"11"
"2993";"1698";"7";"117";"N";"N";"12"
"2994";"1248";"7";"117";"N";"N";"13"
"2995";"1703";"7";"117";"N";"N";"14"
"2996";"1153";"7";"117";"N";"N";"15"
"2997";"1797";"7";"117";"N";"N";"16"
"2998";"1704";"7";"117";"N";"N";"17"
"2999";"1558";"7";"121";"N";"N";"18"
"3000";"1516";"7";"121";"N";"N";"19"
"3001";"1161";"7";"121";"N";"N";"20"
"3002";"1520";"7";"121";"N";"N";"21"
"3003";"1723";"7";"121";"N";"N";"22"
"3004";"778";"7";"121";"N";"N";"23"
"3005";"1724";"7";"121";"N";"N";"24"
"3006";"1177";"7";"121";"N";"N";"25"
"3007";"1180";"7";"121";"N";"N";"26"
"3008";"535";"7";"122";"N";"N";"27"
"3009";"534";"7";"122";"N";"N";"28"
"3010";"995";"7";"122";"N";"N";"29"
"3011";"1148";"7";"122";"N";"N";"30"
"3012";"553";"7";"122";"N";"N";"31"
"3013";"1565";"7";"122";"N";"N";"32"
"3014";"548";"7";"122";"N";"N";"33"
"3015";"568";"7";"122";"N";"N";"34"
"3016";"562";"7";"122";"N";"N";"35"
"3017";"1571";"7";"122";"N";"N";"36"
"3018";"1572";"7";"122";"N";"N";"37"
"3019";"800";"7";"122";"N";"N";"38"
"3020";"526";"7";"122";"N";"N";"39"
"3021";"1693";"7";"122";"N";"N";"40"
"3022";"565";"7";"122";"N";"N";"41"
"3023";"555";"7";"122";"N";"N";"42"
"3024";"544";"7";"122";"N";"N";"43"
"3025";"1751";"7";"107";"N";"N";"44"
"3026";"782";"7";"116";"N";"N";"45"
"3027";"1517";"7";"121";"N";"N";"46"
"3028";"1166";"7";"121";"N";"N";"47"
"3029";"958";"7";"121";"N";"N";"48"
"3030";"1634";"7";"121";"N";"N";"49"
"3031";"1540";"7";"121";"N";"N";"50"
"3032";"1866";"7";"121";"N";"N";"51"
"3034";"1392";"7";"121";"N";"N";"52"
"3035";"996";"7";"117";"N";"N";"53"
"3036";"1183";"7";"122";"N";"N";"54"
"3037";"822";"7";"122";"N";"N";"55"
"3038";"35";"7";"122";"N";"N";"56"
"3039";"1868";"7";"122";"N";"N";"57"
"3040";"514";"7";"122";"N";"N";"58"
"3042";"1870";"7";"106";"N";"N";"59"
"3043";"1871";"7";"106";"N";"N";"60"
"3044";"1872";"7";"106";"N";"N";"61"
"3045";"1462";"7";"106";"N";"N";"62"
"3046";"1873";"7";"106";"N";"N";"63"
"3047";"1874";"7";"106";"N";"N";"64"
"3048";"1875";"7";"106";"N";"N";"65"
"3049";"1876";"7";"106";"N";"N";"66"
"3050";"1877";"7";"106";"N";"N";"67"
"3051";"1878";"7";"106";"N";"N";"68"
"3052";"1748";"7";"107";"N";"N";"69"
"3060";"1879";"7";"107";"N";"N";"70"
"3061";"581";"7";"107";"N";"N";"71"
"3062";"1880";"7";"107";"N";"N";"72"
"3063";"1881";"7";"107";"N";"N";"73"
"3064";"1882";"7";"107";"N";"N";"74"
"3065";"1883";"7";"107";"N";"N";"75"
"3066";"1884";"7";"107";"N";"N";"76"
"3067";"1885";"7";"107";"N";"N";"77"
"3068";"1841";"7";"107";"N";"N";"78"
"3070";"1753";"7";"107";"N";"N";"79"
"3074";"1523";"7";"108";"N";"N";"80"
"3075";"1759";"7";"108";"N";"N";"81"
"3077";"1840";"7";"108";"N";"N";"82"
"3078";"1658";"7";"108";"N";"N";"83"
"3079";"1531";"7";"108";"N";"N";"84"
"3080";"1460";"7";"108";"N";"N";"85"
"3082";"1886";"7";"109";"N";"N";"86"
"3083";"1887";"7";"109";"N";"N";"87"
"3084";"1888";"7";"109";"N";"N";"88"
"3085";"1889";"7";"109";"N";"N";"89"
"3086";"546";"7";"109";"N";"N";"90"
"3087";"1890";"7";"109";"N";"N";"91"
"3088";"1891";"7";"109";"N";"N";"92"
"3089";"1892";"7";"109";"N";"N";"93"
"3090";"1893";"7";"109";"N";"N";"94"
"3091";"1894";"7";"109";"N";"N";"95"
"3092";"1895";"7";"109";"N";"N";"96"
"3093";"1896";"7";"109";"N";"N";"97"
"3094";"1897";"7";"108";"N";"N";"98"
"3095";"1898";"7";"109";"N";"N";"99"
"3096";"1899";"7";"109";"N";"N";"100"
"3097";"1900";"7";"112";"N";"N";"101"
"3098";"1105";"7";"112";"N";"N";"102"
"3099";"1901";"7";"112";"N";"N";"103"
"3100";"1902";"7";"112";"N";"N";"104"
"3101";"1903";"7";"112";"N";"N";"105"
"3102";"1904";"7";"112";"N";"N";"106"
"3103";"1905";"7";"112";"N";"N";"107"
"3104";"1906";"7";"112";"N";"N";"108"
"3105";"1907";"7";"112";"N";"N";"109"
"3106";"1908";"7";"112";"N";"N";"110"
"3107";"1430";"7";"112";"N";"N";"111"
"3108";"1431";"7";"112";"N";"N";"112"
"3109";"1909";"7";"112";"N";"N";"113"
"3110";"1910";"7";"113";"N";"N";"114"
"3111";"1911";"7";"113";"N";"N";"115"
"3112";"1912";"7";"113";"N";"N";"116"
"3113";"1913";"7";"113";"N";"N";"117"
"3114";"1188";"7";"113";"N";"N";"118"
"3115";"1914";"7";"111";"N";"N";"119"
"3116";"1915";"7";"113";"N";"N";"120"
"3117";"1916";"7";"113";"N";"N";"121"
"3118";"1917";"7";"113";"N";"N";"122"
"3119";"1918";"7";"113";"N";"N";"123"
"3120";"1919";"7";"113";"N";"N";"124"
"3121";"1920";"7";"113";"N";"N";"125"
"3122";"1921";"7";"111";"N";"N";"126"
"3123";"1922";"7";"111";"N";"N";"127"
"3124";"1923";"7";"113";"N";"N";"128"
"3125";"1924";"7";"113";"N";"N";"129"
"3126";"1925";"7";"113";"N";"N";"130"
"3127";"1926";"7";"123";"N";"N";"131"
"3128";"1801";"7";"118";"N";"N";"132"
"3129";"1927";"7";"123";"N";"N";"133"
"3130";"1928";"7";"123";"N";"N";"134"
"3131";"791";"7";"118";"N";"N";"135"
"3133";"1929";"7";"118";"N";"N";"136"
"3134";"796";"7";"118";"N";"N";"137"
"3135";"1807";"7";"118";"N";"N";"138"
"3136";"945";"7";"118";"N";"N";"139"
"3137";"1590";"7";"118";"N";"N";"140"
"3138";"1473";"7";"118";"N";"N";"141"
"3139";"1669";"7";"118";"N";"N";"142"
"3140";"1930";"7";"120";"N";"N";"143"
"3141";"1405";"7";"118";"N";"N";"144"
"3142";"1931";"7";"123";"N";"N";"145"
"3143";"1932";"7";"118";"N";"N";"146"
"3144";"607";"7";"118";"N";"N";"147"
"3145";"1933";"7";"118";"N";"N";"148"
"3146";"1934";"7";"118";"N";"N";"149"
"3147";"1670";"7";"118";"N";"N";"150"
"3148";"1477";"7";"118";"N";"N";"151"
"3149";"1935";"7";"118";"N";"N";"152"
"3150";"1936";"7";"118";"N";"N";"153"
"3151";"545";"7";"118";"N";"N";"154"
"3152";"558";"7";"118";"N";"N";"155"
"3153";"1480";"7";"118";"N";"N";"156"
"3154";"1937";"7";"119";"N";"N";"157"
"3156";"1938";"7";"119";"N";"N";"158"
"3157";"1641";"7";"119";"N";"N";"159"
"3158";"1939";"7";"119";"N";"N";"160"
"3159";"1475";"7";"123";"N";"N";"161"
"3160";"1819";"7";"119";"N";"N";"162"
"3161";"1440";"7";"123";"N";"N";"163"
"3162";"1940";"7";"119";"N";"N";"164"
"3164";"1579";"7";"119";"N";"N";"165"
"3165";"1601";"7";"119";"N";"N";"166"
"3166";"1941";"7";"119";"N";"N";"167"
"3167";"1273";"7";"119";"N";"N";"168"
"3168";"1580";"7";"118";"N";"N";"169"
"3169";"1942";"7";"119";"N";"N";"170"
"3170";"1846";"7";"119";"N";"N";"171"
"3171";"1478";"7";"119";"N";"N";"172"
"3172";"1943";"7";"119";"N";"N";"173"
"3173";"1581";"7";"119";"N";"N";"174"
"3174";"1944";"7";"119";"N";"N";"175"
"3175";"1084";"7";"123";"N";"N";"176"
"3176";"1582";"7";"123";"N";"N";"177"
"3177";"1864";"7";"119";"N";"N";"178"
"3178";"1584";"7";"123";"N";"N";"179"
"3184";"1761";"7";"108";"N";"N";"180"
"3185";"1101";"7";"108";"N";"N";"181"
"3187";"601";"7";"108";"N";"N";"182"
"3190";"1468";"7";"108";"N";"N";"183"
"3191";"986";"7";"109";"N";"S";"184"
"3219";"1855";"7";"111";"N";"N";"185"
"3225";"1783";"7";"111";"N";"N";"186"
"3230";"653";"7";"111";"N";"N";"187"
"3240";"1711";"7";"112";"N";"N";"188"
"3256";"730";"7";"112";"N";"N";"189"
"3260";"1697";"7";"112";"N";"N";"190"
"3261";"1702";"7";"117";"N";"N";"191"
"3262";"1694";"7";"113";"N";"N";"192"
"3263";"1847";"7";"113";"N";"N";"193"
"3273";"1803";"7";"114";"N";"N";"194"
"3281";"1426";"7";"107";"N";"N";"195"
"3293";"1813";"7";"114";"N";"N";"196"
"3294";"1814";"7";"114";"N";"N";"197"
"3301";"1578";"7";"115";"N";"N";"198"
"3303";"1354";"7";"115";"N";"N";"199"
"3305";"1642";"7";"119";"N";"N";"200"
"3312";"1863";"7";"115";"N";"N";"201"
"3314";"1830";"7";"114";"N";"N";"202"
"3315";"1767";"7";"114";"N";"N";"203"
"3316";"1945";"7";"114";"N";"N";"204"
"3317";"1946";"7";"114";"N";"N";"205"
"3318";"1947";"7";"114";"N";"N";"206"
"3319";"792";"7";"114";"N";"N";"207"
"3320";"1948";"7";"114";"N";"N";"208"
"3321";"1777";"7";"114";"N";"N";"209"
"3322";"1774";"7";"114";"N";"N";"210"
"3326";"1664";"7";"114";"N";"N";"211"
"3327";"1949";"7";"115";"N";"N";"212"
"3328";"1950";"7";"114";"N";"N";"213"
"3329";"1951";"7";"114";"N";"N";"214"
"3330";"1952";"7";"114";"N";"N";"215"
"3331";"1244";"7";"114";"N";"N";"216"
"3332";"1953";"7";"114";"N";"N";"217"
"3333";"1787";"7";"114";"N";"N";"218"
"3334";"1788";"7";"114";"N";"N";"219"
"3335";"1954";"7";"114";"N";"N";"220"
"3336";"1955";"7";"114";"N";"N";"221"
"3337";"1956";"7";"115";"N";"N";"222"
"3338";"1957";"7";"115";"N";"N";"223"
"3339";"1958";"7";"115";"N";"N";"224"
"3341";"1959";"7";"115";"N";"N";"225"
"3342";"1960";"7";"115";"N";"N";"226"
"3343";"1961";"7";"115";"N";"N";"227"
"3345";"288";"7";"115";"N";"N";"317"
"3346";"1962";"7";"115";"N";"N";"229"
"3347";"1963";"7";"114";"N";"N";"230"
"3348";"1964";"7";"114";"N";"N";"231"
"3350";"1965";"7";"115";"N";"N";"232"
"3351";"1966";"7";"115";"N";"N";"233"
"3352";"1967";"7";"114";"N";"N";"234"
"3353";"1968";"7";"115";"N";"N";"235"
"3354";"1969";"7";"115";"N";"N";"236"
"3355";"1970";"7";"114";"N";"N";"237"
"3356";"1971";"7";"115";"N";"N";"238"
"3357";"1789";"7";"115";"N";"N";"239"
"3358";"1972";"7";"120";"N";"N";"240"
"3359";"1973";"7";"120";"N";"N";"241"
"3360";"1515";"7";"116";"N";"N";"242"
"3362";"538";"7";"116";"N";"N";"243"
"3363";"1974";"7";"116";"N";"N";"244"
"3364";"1975";"7";"116";"N";"N";"245"
"3365";"1976";"7";"111";"N";"N";"246"
"3366";"1977";"7";"111";"N";"N";"247"
"3367";"1638";"7";"111";"N";"N";"248"
"3368";"1978";"7";"111";"N";"N";"249"
"3369";"1979";"7";"111";"N";"N";"250"
"3370";"1980";"7";"111";"N";"N";"251"
"3371";"1981";"7";"111";"N";"N";"252"
"3372";"1982";"7";"111";"N";"N";"253"
"3373";"1983";"7";"111";"N";"N";"254"
"3374";"1984";"7";"111";"N";"N";"255"
"3375";"1662";"7";"110";"N";"N";"256"
"3376";"1004";"7";"110";"N";"N";"257"
"3377";"1241";"7";"110";"N";"N";"258"
"3378";"1985";"7";"119";"N";"N";"259"
"3379";"1986";"7";"120";"N";"N";"260"
"3380";"1987";"7";"123";"N";"N";"261"
"3381";"1988";"7";"123";"N";"N";"262"
"3382";"1989";"7";"120";"N";"N";"263"
"3383";"1990";"7";"120";"N";"N";"264"
"3384";"1991";"7";"120";"N";"N";"265"
"3385";"1992";"7";"120";"N";"N";"266"
"3386";"1993";"7";"123";"N";"N";"267"
"3387";"1994";"7";"120";"N";"N";"268"
"3388";"1995";"7";"120";"N";"N";"269"
"3389";"1996";"7";"120";"N";"N";"270"
"3390";"1997";"7";"120";"N";"N";"271"
"3392";"1998";"7";"120";"N";"N";"272"
"3393";"1999";"7";"120";"N";"N";"273"
"3394";"2000";"7";"120";"N";"N";"274"
"3395";"2001";"7";"120";"N";"N";"275"
"3396";"2002";"7";"120";"N";"N";"276"
"3397";"2003";"7";"120";"N";"N";"277"
"3398";"2004";"7";"120";"N";"N";"278"
"3399";"2005";"7";"123";"N";"N";"279"
"3400";"2006";"7";"120";"N";"N";"280"
"3401";"2007";"7";"120";"N";"N";"281"
"3402";"2008";"7";"120";"N";"N";"282"
"3403";"2009";"7";"120";"N";"N";"283"
"3404";"2010";"7";"120";"N";"N";"284"
"3405";"2011";"7";"120";"N";"N";"285"
"3406";"2012";"7";"123";"N";"N";"286"
"3407";"2013";"7";"120";"N";"N";"287"
"3408";"2014";"7";"120";"N";"N";"288"
"3409";"2015";"7";"120";"N";"N";"289"
"3410";"2016";"7";"120";"N";"N";"290"
"3414";"1826";"7";"110";"N";"N";"291"
"3415";"1134";"7";"110";"N";"N";"292"
"3416";"1137";"7";"110";"N";"N";"293"
"3417";"1465";"7";"110";"N";"N";"294"
"3418";"1745";"7";"110";"N";"N";"295"
"3419";"1746";"7";"110";"N";"N";"296"
"3420";"1151";"7";"110";"N";"N";"297"
"3421";"1436";"7";"110";"N";"S";"298"
"3422";"1622";"7";"110";"N";"N";"299"
"3423";"1112";"7";"110";"N";"N";"300"
"3424";"1853";"7";"110";"N";"N";"301"
"3425";"1741";"7";"110";"N";"N";"302"
"3430";"1538";"7";"109";"N";"N";"303"
"3432";"1848";"7";"115";"N";"N";"304"
"3433";"990";"7";"116";"N";"N";"305"
"3435";"1434";"7";"116";"N";"N";"306"
"3436";"754";"7";"116";"N";"N";"307"
"3437";"1799";"7";"117";"N";"N";"308"
"3438";"1832";"7";"117";"N";"N";"309"
"3439";"724";"7";"117";"N";"N";"310"
"3441";"1168";"7";"118";"N";"N";"311"
"3442";"1479";"7";"118";"N";"N";"312"
"3443";"62";"7";"118";"N";"N";"313"
"3444";"1812";"7";"118";"N";"N";"314"
"3445";"1474";"7";"119";"N";"N";"315"
"3446";"1821";"7";"119";"N";"N";"316"
"3447";"288";"7";"116";"N";"N";"317"
"3448";"1360";"7";"116";"N";"N";"318"
"3449";"1680";"7";"121";"N";"N";"319"
"3450";"1722";"7";"121";"N";"N";"320"
"3451";"1692";"7";"121";"N";"N";"321"
"3454";"833";"7";"122";"N";"N";"322"
"3455";"1637";"7";"122";"N";"N";"323"
"3456";"999";"7";"122";"N";"N";"324"
"3457";"2017";"7";"121";"N";"N";"325"
"3458";"1346";"7";"121";"N";"N";"326"
"3459";"1678";"7";"121";"N";"N";"327"
"3460";"2018";"7";"121";"N";"N";"328"
"3461";"2019";"7";"123";"N";"N";"329"
"3462";"2020";"7";"123";"N";"N";"330"
"3464";"1519";"7";"116";"N";"N";"331"
"3465";"2022";"7";"112";"N";"N";"332"
"3466";"2023";"7";"112";"N";"N";"333"
"3467";"2024";"7";"112";"N";"N";"334"
"3468";"2025";"7";"112";"N";"N";"335"
"3469";"2026";"7";"110";"N";"N";"336"
"3470";"2027";"7";"110";"N";"N";"337"
"3471";"1850";"7";"110";"N";"N";"338"
"3472";"2028";"7";"113";"N";"N";"339"
"3473";"2029";"7";"113";"N";"N";"340"
"3474";"2030";"7";"113";"N";"N";"341"
"3475";"1695";"7";"113";"N";"N";"342"
"3476";"2031";"7";"113";"N";"N";"343"
"3477";"1775";"7";"113";"N";"N";"344"
"3478";"2032";"7";"113";"N";"N";"345"
"3479";"2033";"7";"113";"N";"N";"346"
"3480";"2034";"7";"113";"N";"N";"347"
"3481";"2035";"7";"112";"N";"N";"348"
"3482";"2036";"7";"112";"N";"N";"349"
"3484";"2037";"7";"112";"N";"N";"350"
"3485";"2038";"7";"112";"N";"N";"351"
"3486";"1147";"7";"112";"N";"N";"352"
"3487";"1574";"7";"122";"N";"N";"353"
"3488";"1512";"7";"117";"N";"N";"354"
"3489";"2039";"7";"113";"N";"N";"355"
"3490";"2040";"7";"113";"N";"N";"356"
"3491";"1192";"7";"122";"N";"N";"357"
"3492";"579";"7";"112";"N";"N";"358"
"3493";"1093";"7";"116";"N";"N";"359"
"3494";"1429";"7";"109";"N";"S";"360"
"3495";"2041";"7";"122";"N";"N";"361"
"3496";"2042";"7";"110";"N";"N";"362"
"3497";"2043";"7";"110";"N";"N";"363"
"3498";"2044";"7";"110";"N";"N";"364"
"3499";"1140";"7";"110";"N";"N";"365"
"3500";"1021";"7";"110";"N";"N";"366"
"3501";"2045";"7";"110";"N";"N";"367"
"3502";"2046";"7";"110";"N";"N";"368"
"3503";"2047";"7";"110";"N";"N";"369"
"3504";"2048";"7";"120";"N";"N";"370"
"3505";"2049";"7";"120";"N";"N";"371"
"3506";"1862";"7";"119";"N";"N";"372"
"3507";"2050";"7";"119";"N";"N";"373"
"3508";"2051";"7";"119";"N";"N";"374"
"3509";"2052";"7";"119";"N";"N";"375"
"3511";"2053";"7";"119";"N";"N";"376"
"3512";"838";"7";"117";"N";"N";"377"
"3513";"1296";"7";"118";"N";"N";"378"
"3514";"2054";"7";"113";"N";"N";"379"
"3515";"2055";"7";"106";"N";"N";"380"
"3516";"2056";"7";"106";"N";"N";"381"
"3517";"2057";"7";"106";"N";"N";"382"
"3518";"2058";"7";"111";"N";"N";"383"
"3519";"2059";"7";"111";"N";"N";"384"
"3520";"2060";"7";"111";"N";"N";"385"
"3521";"2061";"7";"111";"N";"N";"386"
"3522";"2062";"7";"111";"N";"N";"387"
"3523";"2063";"7";"111";"N";"N";"388"
"3524";"2064";"7";"111";"N";"N";"389"
"3525";"2065";"7";"111";"N";"N";"390"
"3526";"2066";"7";"111";"N";"N";"391"
"3527";"2067";"7";"111";"N";"N";"392"
"3528";"2068";"7";"111";"N";"N";"393"
"3529";"2069";"7";"111";"N";"N";"394"
"3530";"2070";"7";"111";"N";"N";"395"
"3531";"2071";"7";"112";"N";"N";"396"
"3532";"1718";"7";"112";"N";"N";"397"
"3533";"2072";"7";"112";"N";"N";"398"
"3534";"2073";"7";"123";"N";"N";"399"
"3535";"2074";"7";"123";"N";"N";"400"
"3536";"2075";"7";"123";"N";"N";"401"
"3537";"2076";"7";"123";"N";"N";"402"
"3538";"2077";"7";"123";"N";"N";"403"
"3539";"2078";"7";"123";"N";"N";"404"
"3540";"2079";"7";"123";"N";"N";"405"
"3541";"2080";"7";"123";"N";"N";"406"
"3542";"2081";"7";"123";"N";"N";"407"
"3543";"2082";"7";"123";"N";"N";"408"
"3544";"2083";"7";"123";"N";"N";"409"
"3545";"2084";"7";"123";"N";"N";"410"
"3547";"1150";"7";"108";"N";"N";"411"
"3548";"2086";"7";"109";"N";"N";"412"
"3549";"2087";"7";"109";"N";"N";"413"
"3550";"2088";"7";"109";"N";"N";"414"
"3551";"2089";"7";"109";"N";"N";"415"
"3552";"2090";"7";"109";"N";"N";"416"
"3553";"2091";"7";"109";"N";"N";"417"
"3554";"1511";"7";"117";"N";"N";"418"
"3555";"2092";"7";"113";"N";"N";"419"
"3557";"2093";"7";"110";"N";"N";"420"
"3558";"2094";"7";"110";"N";"N";"421"
"3559";"2095";"7";"110";"N";"N";"422"
"3560";"2096";"7";"110";"N";"N";"423"
"3561";"2097";"7";"115";"N";"N";"424"
"3562";"2098";"7";"115";"N";"N";"425"
"3563";"2099";"7";"115";"N";"N";"426"
"3564";"2100";"7";"114";"N";"N";"427"
"3565";"2101";"7";"115";"N";"N";"428"
"3566";"1138";"7";"110";"N";"N";"429"
"3567";"2102";"7";"113";"N";"N";"430"
"3568";"2103";"7";"106";"N";"N";"431"
"3569";"2104";"7";"106";"N";"N";"432"
"3570";"2105";"7";"106";"N";"N";"433"
"3571";"2106";"7";"106";"N";"N";"434"
"3572";"2107";"7";"107";"N";"N";"435"
"3573";"2108";"7";"107";"N";"N";"436"
"3574";"795";"7";"107";"N";"N";"437"
"3575";"2109";"7";"107";"N";"N";"438"
"3576";"2110";"7";"107";"N";"N";"439"
"3578";"2111";"7";"107";"N";"N";"440"
"3579";"2112";"7";"107";"N";"N";"441"
"3580";"2113";"7";"107";"N";"N";"442"
"3581";"2114";"7";"107";"N";"N";"443"
"3582";"2115";"7";"107";"N";"N";"444"
"3583";"2116";"7";"107";"N";"N";"445"
"3584";"2117";"7";"108";"N";"N";"446"
"3585";"2118";"7";"109";"N";"N";"447"
"3586";"2119";"7";"108";"N";"N";"448"
"3587";"2120";"7";"108";"N";"N";"449"
"3588";"2121";"7";"108";"N";"N";"450"
"3589";"734";"7";"108";"N";"N";"451"
"3591";"2122";"7";"108";"N";"N";"452"
"3592";"2123";"7";"108";"N";"N";"453"
"3593";"2124";"7";"108";"N";"N";"454"
"3594";"2125";"7";"108";"N";"N";"455"
"3595";"1133";"7";"108";"N";"N";"456"
"3596";"2126";"7";"108";"N";"N";"457"
"3597";"2127";"7";"108";"N";"N";"458"
"3598";"2128";"7";"109";"N";"N";"459"
"3599";"2129";"7";"108";"N";"N";"460"
"3600";"2130";"7";"108";"N";"N";"461"
"3601";"2131";"7";"110";"N";"N";"462"
"3602";"2132";"7";"110";"N";"N";"463"
"3603";"2133";"7";"110";"N";"N";"464"
"3604";"2134";"7";"110";"N";"N";"465"
"3605";"2135";"7";"110";"N";"N";"466"
"3606";"2136";"7";"111";"N";"N";"467"
"3607";"2137";"7";"111";"N";"S";"468"
"3608";"2138";"7";"111";"N";"S";"469"
"3609";"2139";"7";"110";"N";"N";"470"
"3610";"2140";"7";"110";"N";"N";"471"
"3611";"2141";"7";"110";"N";"N";"472"
"3612";"2142";"7";"110";"N";"N";"473"
"3613";"2143";"7";"110";"N";"N";"474"
"3614";"2144";"7";"111";"N";"N";"475"
"3615";"2145";"7";"110";"N";"N";"476"
"3616";"2146";"7";"111";"N";"N";"477"
"3617";"2147";"7";"111";"N";"N";"478"
"3618";"2148";"7";"111";"N";"N";"479"
"3620";"2150";"7";"111";"N";"N";"480"
"3621";"2151";"7";"110";"N";"S";"481"
"3622";"2152";"7";"112";"N";"N";"482"
"3623";"2153";"7";"116";"N";"N";"483"
"3624";"2154";"7";"113";"N";"N";"484"
"3625";"2155";"7";"113";"N";"N";"485"
"3626";"2156";"7";"113";"N";"N";"486"
"3627";"2157";"7";"113";"N";"N";"487"
"3628";"2158";"7";"113";"N";"N";"488"
"3629";"2159";"7";"113";"N";"N";"489"
"3630";"2160";"7";"115";"N";"N";"490"
"3631";"2161";"7";"115";"N";"N";"491"
"3632";"2162";"7";"115";"N";"N";"492"
"3633";"2163";"7";"115";"N";"N";"493"
"3634";"2164";"7";"114";"N";"N";"494"
"3635";"2165";"7";"115";"N";"N";"495"
"3636";"2166";"7";"114";"N";"N";"496"
"3637";"2167";"7";"114";"N";"N";"497"
"3638";"2168";"7";"115";"N";"N";"498"
"3639";"2169";"7";"114";"N";"N";"499"
"3640";"2170";"7";"115";"N";"N";"500"
"3641";"2171";"7";"115";"N";"N";"501"
"3642";"2172";"7";"114";"N";"N";"502"
"3643";"2173";"7";"115";"N";"N";"503"
"3644";"2174";"7";"114";"N";"N";"504"
"3645";"2175";"7";"115";"N";"N";"505"
"3646";"2176";"7";"114";"N";"N";"506"
"3647";"2177";"7";"114";"N";"N";"507"
"3648";"2181";"7";"114";"N";"N";"511"
"3649";"2179";"7";"114";"N";"N";"509"
"3650";"2180";"7";"114";"N";"N";"510"
"3652";"2182";"7";"116";"N";"N";"512"
"3653";"2183";"7";"116";"N";"N";"513"
"3654";"1562";"7";"116";"N";"N";"514"
"3655";"2184";"7";"116";"N";"N";"515"
"3656";"469";"7";"117";"N";"N";"516"
"3657";"2185";"7";"120";"N";"N";"517"
"3658";"2186";"7";"123";"N";"N";"518"
"3659";"465";"7";"119";"N";"N";"519"
"3660";"2187";"7";"120";"N";"N";"520"
"3661";"2188";"7";"122";"N";"S";"521"
"3662";"2189";"7";"122";"N";"S";"522"
"3663";"2190";"7";"109";"N";"N";"523"
"3664";"2191";"7";"107";"N";"N";"524"
"3665";"745";"7";"107";"N";"N";"525"
"3666";"2192";"7";"107";"N";"N";"526"
"3667";"1110";"7";"108";"N";"N";"527"
"3669";"1157";"7";"108";"N";"N";"528"
"3670";"1428";"7";"108";"N";"N";"529"
"3671";"1142";"7";"108";"N";"N";"530"
"3672";"2193";"7";"111";"N";"N";"531"
"3673";"2194";"7";"111";"N";"N";"532"
"3674";"2195";"7";"111";"N";"N";"533"
"3676";"2196";"7";"110";"N";"S";"535"
"3677";"802";"7";"112";"N";"N";"536"
"3679";"2178";"7";"114";"N";"N";"537"
"3680";"1514";"7";"114";"N";"N";"538"
"3681";"2198";"7";"115";"N";"N";"539"
"3682";"2199";"7";"115";"N";"N";"540"
"3683";"2200";"7";"115";"N";"N";"541"
"3684";"2201";"7";"115";"N";"N";"542"
"3685";"2202";"7";"115";"N";"N";"543"
"3686";"1838";"7";"108";"N";"N";"544"
"3687";"301";"7";"123";"N";"N";"545"
"3688";"1839";"7";"108";"N";"N";"546"
"3689";"268";"7";"115";"N";"N";"547"
"3690";"1800";"7";"114";"N";"N";"548"
"3691";"1721";"7";"121";"N";"N";"549"
"3692";"1085";"7";"120";"N";"N";"550"
"3693";"2203";"7";"111";"N";"N";"551"
"3696";"773";"7";"115";"N";"N";"552"
"3697";"2204";"7";"115";"N";"N";"553"
"3698";"1663";"7";"114";"N";"N";"554"
"3699";"721";"7";"119";"N";"N";"555"
"3700";"557";"7";"115";"N";"N";"556"
"3701";"2205";"7";"115";"N";"N";"557"
